,user_id,profile,tweet,processed_profile,processed_tweet
0,chocosan001,ちょこ❖🍫 スプーン垢 厚揚げメンタル,"グランピングがしたい
川遊びがしたい
BBQがしたい
旅行に行きたい
美味しいものが食べたい",ちょこ❖スプーン垢厚揚げメンタル,グランピングがしたい川遊びがしたいがしたい旅行に行きたい美味しいものが食べたい
1,_snhy_,シ ョ タ し か 勝 た ん ！ ！ (♡)@Rqmll 👻ゆ に そ は,いいねは、旅行中暇な時に返します🙌,ショタしか勝たんゆにそは,いいねは旅行中暇な時に返します
2,ciOnB5R6ma1MSw9,一人っていいよね、一人大好き。（家族いるけど）,"沖縄旅行でノーマスクを貫いたけど白い目で見られたりしなかった！というツイート、もしかしたら自分は保菌者かもしれないって想像力はなかったんだろうか？モヤる。
＃沖縄旅行",一人っていいよね一人大好き家族いるけど,沖縄旅行でノーマスクを貫いたけど白い目で見られたりしなかったというツイートもしかしたら自分は保菌者かもしれないって想像力はなかったんだろうかモヤる沖縄旅行
3,ponkotsupuni,たまーに出稼ぎ。ど素人だから教えて欲しいです( ; - ; )無言フォロー許してください( ; - ; )ぽんこつな上にぷッにぷにのにわがままボディーの坊みたいなやつです！https://t.co/VqmCkm03YA待ってます♡,"朝からね？
😎来週は映画行こうね！ご飯も予約する！お祝いしようね！
🤢おん！ゆったぞー？？

えっ、出稼ぎ旅行来週じゃね？！？！どうやって休むか？と真剣に悩んだ結果出稼ぎは再来週でした！！！！！
そのことで朝からLINE荒らしました🙄🙄🙄",たまーに出稼ぎど素人だから教えて欲しいです無言フォロー許してくださいぽんこつな上にぷッにぷにのにわがままボディーの坊みたいなやつです待ってます,朝からね来週は映画行こうねご飯も予約するお祝いしようねおんゆったぞーえっ出稼ぎ旅行来週じゃねどうやって休むかと真剣に悩んだ結果出稼ぎは再来週でしたそのことで朝から荒らしました
4,yaminabe_moco,"中3
埼玉
翠赤初段
2020赤六段
初見タメおk
フォロバ大抵
サブ垢→@yamina_sabusabu","静岡県
旅行に行った
魚介美味かった",中埼玉翠赤初段赤六段初見タメおフォロバ大抵サブ垢,静岡県旅行に行った魚介美味かった
5,sayaka_mo_magic,幻水と坊ちゃんと親友好き。アンジェFFドラクエクロトリゼノギアスシャドハテイルズペルソナ逆裁とにかくゲーム好き。愛猫達と過ごす時間が宝物🐈 ★幻水交流イベント「われしょ」https://t.co/4lxeOcHkHD 幻水オケのフラスタ企画等。現在FBゆるり中。動画作品タグ #syk_movie,"旅行行きたいなぁ……
新撰組の聖地回りたいです……京都、京都に行かせて……！北海道、会津、甲府、大阪、新島……
そして伊勢神宮も行きたい。落ち着いてお参りしたい。
南国に行ってマリンスポーツしたい、パラセイリングで空飛んでスキューバダイビングで海潜ってジェットスキーで海走りたい……",幻水と坊ちゃんと親友好きアンジェドラクエクロトリゼノギアスシャドハテイルズペルソナ逆裁とにかくゲーム好き愛猫達と過ごす時間が宝物幻水交流イベントわれしょ幻水オケのフラスタ企画等現在ゆるり中動画作品タグ,旅行行きたいなぁ新撰組の聖地回りたいです京都京都に行かせて北海道会津甲府大阪新島そして伊勢神宮も行きたい落ち着いてお参りしたい南国に行ってマリンスポーツしたいパラセイリングで空飛んでスキューバダイビングで海潜ってジェットスキーで海走りたい
6,bzakoc2cb4nla,エロ垢女子はじめてみた🥰基本かまって欲しい人🧡⭐️ラインでメッセ下さい👇💫,"今年って旅行行けるのかなー？
のんびりして、現地の美味しい物いっぱい食べたい♪
候補地は滋賀県かなー？

歯が痛い気がする。
-1-1-1",エロ垢女子はじめてみた基本かまって欲しい人ラインでメッセ下さい,今年って旅行行けるのかなーのんびりして現地の美味しい物いっぱい食べたい候補地は滋賀県かなー歯が痛い気がする
7,ren_817,日々のあれこれ ◇ ◇ ◇                                雨の日はつばさたたみているような親しさに立つ庭の櫟よ（三枝浩樹）,"熊本市内の実家の二階からは東に阿蘇外輪山、西に金峰山が望めた。今は普段山など見ることができない。だからかな。郊外や旅行先などで山の姿をやや遠くに見ると心が落ち着く。

という話を同じような地方都市出身の家人にした事があるが
「意味がわからん」
と不機嫌に言われたからもうせんけどね😎",日々のあれこれ雨の日はつばさたたみているような親しさに立つ庭の櫟よ三枝浩樹,熊本市内の実家の二階からは東に阿蘇外輪山西に金峰山が望めた今は普段山など見ることができないだからかな郊外や旅行先などで山の姿をやや遠くに見ると心が落ち着くという話を同じような地方都市出身の家人にした事があるが意味がわからんと不機嫌に言われたからもうせんけどね
8,in_n_ar_i,無言フォロー失礼します、20代半ば,今日から彼氏が旅行で居ないので絶賛ダウンタイム満喫中！,無言フォロー失礼します代半ば,今日から彼氏が旅行で居ないので絶賛ダウンタイム満喫中
9,F7bfbc,色んなことを呟きます 雑多垢です 魔法少女とアイドルと猫ちゃんが好きです 情報収集(?)と独り言とふぁぼりつリプするアカウント( ˇωˇ ),正直消してもいいなら消して欲しいのだが 平等でしょ 修学旅行に金使いたくないのだが 行かないとなんか不審に思われるでしょ(?)(旅行の良さが本気で分からないんじゃよな),色んなことを呟きます雑多垢です魔法少女とアイドルと猫ちゃんが好きです情報収集と独り言とふぁぼりつリプするアカウントˇˇ,正直消してもいいなら消して欲しいのだが平等でしょ修学旅行に金使いたくないのだが行かないとなんか不審に思われるでしょ旅行の良さが本気で分からないんじゃよな
10,xruitox,低能ブスで面倒くさがりな豆腐メンタル糞ベイビー👶🍼弑 羸闔(しい るいと)と申すんすん💁‍♀奈緒さんのこと大好き過ぎて365日無休で考えてる頭がハッピーちゃん🤦💕※麺被りすいません🙏🏻取引関係はこちらへ→@knaoxxx,"連休後の仕事はほんま行きたくないな😂だから連休したくないねんな😣
あー今日から旅行！って言いたいわ😫",低能ブスで面倒くさがりな豆腐メンタル糞ベイビー弑羸闔しいるいとと申すんすん奈緒さんのこと大好き過ぎて日無休で考えてる頭がハッピーちゃん麺被りすいません取引関係はこちらへ,連休後の仕事はほんま行きたくないなだから連休したくないねんなあー今日から旅行って言いたいわ
11,misawatente,トイウォーズ（故）のミサワ先生です。サムネはksk氏。オーバーウォッチ(misawa#11524) 、steam（misawatente）dead by daylightを主にやっています。フレ申請よろろ〜,昨日フワちゃんの動画見たからだと思うけど、フワちゃんと旅行してる夢見た。めちゃくちゃ楽しすぎた…,トイウォーズ故のミサワ先生ですサムネは氏オーバーウォッチを主にやっていますフレ申請よろろ,昨日フワちゃんの動画見たからだと思うけどフワちゃんと旅行してる夢見ためちゃくちゃ楽しすぎた
12,boogerboy613,ぶーがーなしょなるすくーる→クロマティ高校→魁!!男塾 チューター,最近見た少女週末旅行の曲めっちゃいいなって思ったらまさかのmore one nightはemonさん作曲,ぶーがーなしょなるすくーるクロマティ高校魁男塾チューター,最近見た少女週末旅行の曲めっちゃいいなって思ったらまさかのはさん作曲
13,yurinosakuoka,日の当たる部屋での暮らし,お盆感のない夏。帰省も旅行もないし。外に出ても人はたくさんいるし。そういうテレビも見ないし。普段の休日と変わりなく過ごしてる。ただの例年より暑い夏の日。,日の当たる部屋での暮らし,お盆感のない夏帰省も旅行もないし外に出ても人はたくさんいるしそういうテレビも見ないし普段の休日と変わりなく過ごしてるただの例年より暑い夏の日
14,tmchyuga,14年目のラジオを点滴代わりに、壁外調査並みの戦いの日々を過ごしております。求むジェネラル復活。かなり成人。腐内容は別アカ（@TMCkikaku_petit）に集約しております。リクエストはプロフィールによりお断りする場合があります。,旅行に行く、お芝居に行く、食事に行く、ということは、本当に多くの人たちのお仕事のもとでできていたことなのだなあと、しみじみ思う。コロナはほんと、自滅プログラムに進化してタンパク殻から出た瞬間分解する、ウィルスとして存在価値のないものになってしまえばいいのに。,年目のラジオを点滴代わりに壁外調査並みの戦いの日々を過ごしております求むジェネラル復活かなり成人腐内容は別アカに集約しておりますリクエストはプロフィールによりお断りする場合があります,旅行に行くお芝居に行く食事に行くということは本当に多くの人たちのお仕事のもとでできていたことなのだなあとしみじみ思うコロナはほんと自滅プログラムに進化してタンパク殻から出た瞬間分解するウィルスとして存在価値のないものになってしまえばいいのに
15,garukurosu,心はいつも京都富山。ゆるゆり、いなこん、ハナヤマタ、たまゆら、はいふりが大好物。鉄分も少々あり〼,ワイも旅行いきて〜,心はいつも京都富山ゆるゆりいなこんハナヤマタたまゆらはいふりが大好物鉄分も少々あり〼,ワイも旅行いきて
16,Gtakai_02hr,VJ、e-Life｜団長、マスター、騎士くん｜inre、laplacian、ASa Project｜橋本みゆき、真崎エリカ、夢乃ゆき｜ 七尾 奈留、きみしま青、necomi ｜安玖深音、花澤さくら、月野きいろ｜麺類、炭酸飲料、旅行｜泣きボクロ、八重歯、紫髪、白髪｜ω口、ジト目｜新條悠、黒姫結灯、朝倉 霧香,"鷹のマイメンと巡礼（という名目で重い腰を動かして旅行したいやつ）第３弾 
Summer Pockets REFLECTION BLUE
開始",団長マスター騎士くん橋本みゆき真崎エリカ夢乃ゆき七尾奈留きみしま青安玖深音花澤さくら月野きいろ麺類炭酸飲料旅行泣きボクロ八重歯紫髪白髪口ジト目新條悠黒姫結灯朝倉霧香,鷹のマイメンと巡礼という名目で重い腰を動かして旅行したいやつ第弾開始
17,yu_hybrid,どうも！20↑な年齢な夕です！ブラスタ:TeamＫ箱推しのケイ最推し。FGO:オジマンディアス様溺愛。銀魂:高杉最推しの高銀派。うたプリ:神宮寺レン様最推しの黒崎蘭丸推し 。タイバニ:虎徹さん最推しの兎虎コンビ箱推し。ゲーマーな為キャスは浮上低！,"まず、救急車に乗るのだってお金必要、治療するにお金必要、薬を貰うのにお金必要...アメリカとかでは当たり前なんだよね。
だから、旅行の時は常備薬、体調を万全にしないと海外はキツいよ。と１年前まで海外へ毎年行っていたから人間からのアドバイスでした。&gt;RT",どうもな年齢な夕ですブラスタ箱推しのケイ最推しオジマンディアス様溺愛銀魂高杉最推しの高銀派うたプリ神宮寺レン様最推しの黒崎蘭丸推しタイバニ虎徹さん最推しの兎虎コンビ箱推しゲーマーな為キャスは浮上低,まず救急車に乗るのだってお金必要治療するにお金必要薬を貰うのにお金必要アメリカとかでは当たり前なんだよねだから旅行の時は常備薬体調を万全にしないと海外はキツいよと年前まで海外へ毎年行っていたから人間からのアドバイスでした
18,kouro771,一生まいやん推し🍚 元バンギャ　マイクラ 今清楚系クソビッチ マステ 化粧品 櫂アイ 煕華固定 🐶🤖🐻🐰🐱📦🌼🍋🐳,"鉄鉱石があと1個足りなーい（ ;ᯅ;  ）
お店が開けない……
誰か交換して……マイル旅行券あるよ……1枚……",一生まいやん推し元バンギャマイクラ今清楚系クソビッチマステ化粧品櫂アイ煕華固,鉄鉱石があと個足りなーいᯅお店が開けない誰か交換してマイル旅行券あるよ枚
19,udondon333,"映画。Karl Urbanは殿堂入り。時々小説と音楽。成人式はとっくの昔に済ませてる。今やほぼティーリケと中の人。お腐れ垢以外は基本ブロ解。
お腐れ度高め@udondondon333
ティリクラ（固定の強火）二次作品（100日連続チャレンジ終了）@R993399",私もとうとう対馬旅行,映画は殿堂入り時々小説と音楽成人式はとっくの昔に済ませてる今やほぼティーリケと中の人お腐れ垢以外は基本ブロ解お腐れ度高めティリクラ固の強火二次作品日連続チャレンジ終了,私もとうとう対馬旅行
20,itkwaterwiz,"・香港でカンフー修行をしています。
主に映画、武術、香港生活について
バーフバリ/キングスマン/スパナチュ/キャプテンアメリカ/スパルタカス/吹き替えファン","「みんな死ぬかもしれない」からマスクや自粛をしてたわけでしょ？ 
「全然死なない」とわかった時点でマスク外してジャンジャン外出して旅行行ってもいいのでは？",香港でカンフー修行をしています主に映画武術香港生活についてバーフバリキングスマンスパナチュキャプテンアメリカスパルタカス吹き替えファン,みんな死ぬかもしれないからマスクや自粛をしてたわけでしょ全然死なないとわかった時点でマスク外してジャンジャン外出して旅行行ってもいいのでは
21,tarocoforce,L/彼女有/ツイ消し職人 #キリトリセカイ #僕と彼女と #ドゥ飯 /ツイートはよく消します/無意識にフォローしたりミュートしたりブロックするが記憶にない…ごめんなさ…/HSPの方とは相性悪いです,"旅館メシが話題なせいで
食べきれないほどのご飯出てくる店ないかなって考えたんですけど
私の貧相な発想では食べ放題しか出てこなくて、でもこれじゃ旅館メシとは違うんだよなー

感染拡大させたくないから旅行で旅館行くのは控えたいんだよなーうーん

どうやったら擬似旅館メシ体験できるのか",彼女有ツイ消し職人キリトリセカイ僕と彼女とドゥ飯ツイートはよく消します無意識にフォローしたりミュートしたりブロックするが記憶にないごめんなさの方とは相性悪いです,旅館メシが話題なせいで食べきれないほどのご飯出てくる店ないかなって考えたんですけど私の貧相な発想では食べ放題しか出てこなくてでもこれじゃ旅館メシとは違うんだよなー感染拡大させたくないから旅行で旅館行くのは控えたいんだよなーうーんどうやったら擬似旅館メシ体験できるのか
22,kurukurufxworld,"FXで稼ぎながら約2年間、世界周遊してきました。
僕を世界へ導いてくれたFX戦術、くるくるワイドをあなたに伝授！
海外での思い出もたまにアップするかも？
詳しくはブログから、もしくは直接メッセージを送ってください^^プライベートレッスンの申し込みもお待ちしてます^^","世界旅行での思い出

本場NYのブロードウェイは大迫力で、演技、歌、演出のどれを取っても一級品のように感じました！
舞台は初めてでしたが、日本でも時々観に行こうかな^^",で稼ぎながら約年間世界周遊してきました僕を世界へ導いてくれた戦術くるくるワイドをあなたに伝授海外での思い出もたまにアップするかも詳しくはブログからもしくは直接メッセージを送ってくださいプライベートレッスンの申し込みもお待ちしてます,世界旅行での思い出本場のブロードウェイは大迫力で演技歌演出のどれを取っても一級品のように感じました舞台は初めてでしたが日本でも時々観に行こうかな
23,Knd_lemon,"警察/ヤクザ/探偵/殺人鬼/殺し屋/復讐/猟奇/闇落ち
//ᴋ-ᴘᴏᴘ/NFINITE/ZE:A //A3!/B-PROJECT/THRIVE:🦊🐺",少人数での旅行は密にならないように防げるからなぁ……,警察ヤクザ探偵殺人鬼殺し屋復讐猟奇闇落ちᴋᴘᴏᴘ,少人数での旅行は密にならないように防げるからなぁ
24,megumi_aoki,株式会社スライバル代表｜誰でも気軽に始められるサステナブルなライフスタイルをデザインしています。【S.｜@sustainabledot 】人・社会・環境に優しいプラスチックレスでゼロウェイストな社会に🌿 Tokyoite flexitarian proud feminist solving 🌎 issues.,"昨日までの四国旅行では約１週間くらいほぼパソコンを触らず過ごしてましたが、やっぱり仕事に集中していないと心がいつもザワついてしまいました😂

やっと今朝から精神的に仕事に集中出来てて、謎の不安も沢山あるけどやっぱり仕事をする事は私にとっての自己実現で楽しいんだなと実感。",株式会社スライバル代表誰でも気軽に始められるサステナブルなライフスタイルをデザインしています人社会環境に優しいプラスチックレスでゼロウェイストな社会に,昨日までの四国旅行では約週間くらいほぼパソコンを触らず過ごしてましたがやっぱり仕事に集中していないと心がいつもザワついてしまいましたやっと今朝から精神的に仕事に集中出来てて謎の不安も沢山あるけどやっぱり仕事をする事は私にとっての自己実現で楽しいんだなと実感
25,risa45746117,あつ森はまってます,"あつもり　住人交換

譲　ビアンカ

求　アイスキャンディーのレシピ
　　or
　　マイル旅行券　15枚〜

キャンプサイトからきました。

プレゼントなし
口癖変更なし

ダンボール状態📦なので
今日中（22時まで）に
引き取りにきて頂ける方
お願いします☺︎",あつ森はまってます,あつもり住人交換譲ビアンカ求アイスキャンディーのレシピマイル旅行券枚キャンプサイトからきましたプレゼントなし口癖変更なしダンボール状態なので今日中時までに引き取りにきて頂ける方お願いします
26,UI_Anime765,『ゆるキャン△』と『ヤマノススメ』をこよなく愛する【 20代ヤマ×キャンパー⛺️ 】 ＊アクティブなヲタクを目指し日々奮闘中！！ 《好きなもの》キャンプ ／ 登山 ／ アニメ ／ 旅行 ／ 温泉 ／ 生き物 ／ カフェ ／ 気象 ／ スキー ／ 作曲 ／ 模写,週末家に居ないとインドアが恋しくなるのに、今週末は家に居ようとｺﾞﾛｺﾞﾛすると山行や旅行したくてウズウズするｗｗ,ゆるキャンとヤマノススメをこよなく愛する代ヤマ×キャンパーアクティブなヲタクを目指し日々奮闘中好きなものキャンプ登山アニメ旅行温泉生き物カフェ気象スキー作曲模写,週末家に居ないとインドアが恋しくなるのに今週末は家に居ようとゴロゴロすると山行や旅行したくてウズウズする
27,kitakazekurumi,北風くるみ／未来から来ました。宇宙人っぽいって人からいわれます。テーマソングは「キミの宇宙船」アンペアダウンしました。  なお、「あの人のリツイートはしないでくれ」「ブロックして」は基本受け付けておりません。よろしくお願いします。,"いっそ「世田谷」を特区にして

「安倍晋三王国」として独立させれば、東京都知事の要請を無視してゴルフも海外旅行も出来る。

ただし彼の決めた事は、世田谷区内に限定される。

お友達は世田谷に移り住み豪邸を建てて庶民は追い出される。

かくして日本は救われる。",北風くるみ未来から来ました宇宙人っぽいって人からいわれますテーマソングはキミの宇宙船アンペアダウンしましたなおあの人のリツイートはしないでくれブロックしては基本受け付けておりませんよろしくお願いします,いっそ世田谷を特区にして安倍晋三王国として独立させれば東京都知事の要請を無視してゴルフも海外旅行も出来るただし彼の決めた事は世田谷区内に限されるお友達は世田谷に移り住み豪邸を建てて庶民は追い出されるかくして日本は救われる
28,p57iE7DKPnoQZc2,"ラジ生？出身の ラジオ放送する猫。今はSPOON。
ツイートは未来の自分へのおてがみ。

お料理やアクセ、服、工作、おはなし、家の補修、…なんでも自分で作るのがすき

☆ただいま養生ᵃⁿᵈ身体育成中 



猫と景色とうまいもんはすぐ写真とる。詳しくは固定ツイート動画で


2020の抱負は ｢考えるよりやってみる」","朝っぱらから散歩して野良猫に会いまくって 気分がノッてきたのでお風呂のカビ取りして まだ昼になってない
盆暮れ正月関係なしに夜勤もアリで働いて、休みはまとめてとって旅行！みたいな生活しとった時とは考えられないくらい呑気な生活でちょっと後ろめたいけど、前はうしろめたさから→",ラジ生出身のラジオ放送する猫今はツイートは未来の自分へのおてがみお料理やアクセ服工作おはなし家の補修なんでも自分で作るのがすきただいま養生身体育成中猫と景色とうまいもんはすぐ写真とる詳しくは固ツイート動画での抱負は考えるよりやってみる,朝っぱらから散歩して野良猫に会いまくって気分がノッてきたのでお風呂のカビ取りしてまだ昼になってない盆暮れ正月関係なしに夜勤もアリで働いて休みはまとめてとって旅行みたいな生活しとった時とは考えられないくらい呑気な生活でちょっと後ろめたいけど前はうしろめたさから
29,yaxyo_1771,bboying / 🔞erg ::: 白髪、銀髪大好物,ノープラン突発旅行👊👊,白髪銀髪大好物,ノープラン突発旅行
30,xxxl__lxxx,成人済雑食地雷なし/Rejet/オトメイト/ツイステ/kiramune(柿原吉野)/羽多野渉/斉藤壮馬/近藤隆/和田雅成etc ゲーム@yuuuyuuuyan,友達が働いてるとこに東京から20人の団体予約入ったみたいでその日は休みもらう事にしたって言ってたけど心配……旅行が悪いわけじゃないけどこのご時世この人数で…数人とかならまだわかるんだけど…,成人済雑食地雷なしオトメイトツイステ柿原吉野羽多野渉斉藤壮馬近藤隆和田雅成ゲーム,友達が働いてるとこに東京から人の団体予約入ったみたいでその日は休みもらう事にしたって言ってたけど心配旅行が悪いわけじゃないけどこのご時世この人数で数人とかならまだわかるんだけど
31,syougaslice,名前の読み方区切り方は特に決めてはいない路地裏お絵描きマン,毎年2回とかのペースで海外旅行に行ってる家庭の子どもがそれを当たり前として考えるのも普通だし、夏休みは早起きして虫捕りに行って暑くなって川で泳いでた子どもはそれが普通だと考えるだろう　どっちも多分体験したことのない子の方が多いけど、それでもそれぞれの主観的な普通の体験なんだよな,名前の読み方区切り方は特に決めてはいない路地裏お絵描きマン,毎年回とかのペースで海外旅行に行ってる家庭の子どもがそれを当たり前として考えるのも普通だし夏休みは早起きして虫捕りに行って暑くなって川で泳いでた子どもはそれが普通だと考えるだろうどっちも多分体験したことのない子の方が多いけどそれでもそれぞれの主観的な普通の体験なんだよな
32,MSTsatou414,最近野球にはまってます,ギルキスライブから遠出しなくなったな…旅行したい,最近野球にはまってます,ギルキスライブから遠出しなくなったな旅行したい
33,dervish0000,"同人話と鉄道、携帯等の話題をメインに色々と語ります…頻繁に同人、同性愛について語りますので苦手な方はフォローをご遠慮下さい。なおＴＬの速度が速いのでツイート頻度が低めの方は見落とさないようにリストからフォローさせて頂きます。
※反応する物
　ＢＬ、筋肉（腹筋）、褐色、女装（男の娘）、オリジナル(看板息子さん)…",同じように影響を受けているJR西日本の瑞風はどうなっているのかなと気になって検索してみると、気にせずに走ってたみたいだね。旅行需要が厳しい中でまだまだ倍率が高いようですが…こっちも空調、大丈夫かと気になる。(^_^;),同人話と鉄道携帯等の話題をメインに色々と語ります頻繁に同人同性愛について語りますので苦手な方はフォローをご遠慮下さいなおの速度が速いのでツイート頻度が低めの方は見落とさないようにリストからフォローさせて頂きます反応する物筋肉腹筋褐色女装男の娘オリジナル看板息子さん,同じように影響を受けている西日本の瑞風はどうなっているのかなと気になって検索してみると気にせずに走ってたみたいだね旅行需要が厳しい中でまだまだ倍率が高いようですがこっちも空調大丈夫かと気になる
34,motikon,🏥埋没済み 医療脱毛済み 歯列矯正予定顎変形症と診断されました。骨切り怖い。,"医大で抜歯と抜糸が終わってまだ矯正器具付けてないんですが、矯正器具装着の予約した日に旅行行くのは食事の面でキツいかな？？

矯正初日以降がどんなもんか予想が付かないから怖い、、、、",埋没済み医療脱毛済み歯列矯正予顎変形症と診断されました骨切り怖い,医大で抜歯と抜糸が終わってまだ矯正器具付けてないんですが矯正器具装着の予約した日に旅行行くのは食事の面でキツいかな矯正初日以降がどんなもんか予想が付かないから怖い
35,yukiyuki_apex,⚠︎ フォロバは絡みがない限りしないです。APEX・あつ森 垢でし🥺ちゃちゃ。タケルくん❣️ クラン所属・サブマス【420】成人済↑ レイス(25)ライフラ・ローバ(20) ハンマー所持🔨 ☪︎ * アイコン ⇒ リア友ちゃん / ヘッダー ⇒ えびさん / 一応レイス専 / BANANAFISH,旅行🥺🥺,フォロバは絡みがない限りしないですあつ森垢でしちゃちゃタケルくんクラン所属サブマス成人済レイスライフラローバハンマー所持アイコンリア友ちゃんヘッダーえびさん一応レイス専,旅行
36,TravelCritic81,"106日間世界一周クルーズ乗船/総合旅行業務取扱管理者・毒舌海外旅行評論家 /中1～投資家/訪問国：44ヶ国 25歳【総移動距離:345,412km・地球8.619周】20年3月13日海外発券SFC修行解脱。　　　　　　◆ステータス維持は｢二兎を追う者は一兎をも得ず｣にならないよう、｢一箭双雕｣を意識せよ！","乗船者が企画したクラウドファンディングで、3,000万円以上集めても経営が成り立たないくせに、ピースボートが7月豪雨の被災地を支援しているようだ。

乗客と企業の距離が近くて素晴らしい事だが、旅行業法で定められている日数以内に返金できないんだから、まずは被災した自社を立直す事が先である。",日間世界一周クルーズ乗船総合旅行業務取扱管理者毒舌海外旅行評論家中投資家訪問国ヶ国歳総移動距離地球周年月日海外発券修行解脱ステータス維持は二兎を追う者は一兎をも得ずにならないよう一箭双雕を意識せよ,乗船者が企画したクラウドファンディングで万円以上集めても経営が成り立たないくせにピースボートが月豪雨の被災地を支援しているようだ乗客と企業の距離が近くて素晴らしい事だが旅行業法でめられている日数以内に返金できないんだからまずは被災した自社を立直す事が先である
37,OCEINDAHOUSE,新人DTMer / DJ / 社会人 𝑩𝒊𝒈 𝑳𝒐𝒗𝒆______,オール明け計画性皆無日帰り旅行たのち〜〜〜〜〜,新人社会人,オール明け計画性皆無日帰り旅行たのち
38,toypoodlehaha,２０１８年１０月１６日アモは 天国に行きました。また会おうねってお別れしました。 16才 と6ヶ月と14日アモと楽しい幸せな日々を過ごす事が出来ました。アモ忘れないよ。ありがとう。愛してるよ。 また会えるからね。待っててね💕,"アモと色んな所にたーくさん旅行に行ったなぁ
楽しいし癒される旅行だったなぁ💕🐶💕
孫ちゃんとの旅行は楽しいけど疲れるな😅",年月日アモは天国に行きましたまた会おうねってお別れしました才とヶ月と日アモと楽しい幸せな日々を過ごす事が出来ましたアモ忘れないよありがとう愛してるよまた会えるからね待っててね,アモと色んな所にたーくさん旅行に行ったなぁ楽しいし癒される旅行だったなぁ孫ちゃんとの旅行は楽しいけど疲れるな
39,wqazss,違う惑星にゆきたい、ゆらゆらゆら,なんか県内なら旅行とか行ってもいいのかなー温泉行きたい…,違う惑星にゆきたいゆらゆらゆら,なんか県内なら旅行とか行ってもいいのかなー温泉行きたい
40,Azki_Azusa,お腹すいた,こっちが呼んだら、夜中の２時でも、遠く旅行中でも、親の死に目でも、いつもいつでも駆けつけてくれるかしら？,お腹すいた,こっちが呼んだら夜中の時でも遠く旅行中でも親の死に目でもいつもいつでも駆けつけてくれるかしら
41,osamu571,ガンバ大阪サポです。が、ガンバに限らずいろんなサッカーも観ます。J2愛媛も応援してます。あと時々ムラムラと鉄道旅行したくなります。,昨日まで３泊４日の旅行だったので、今日は休養日。まあ冷蔵庫の中空っぽなので買い出しくらいは行くだろうけど。,ガンバ大阪サポですがガンバに限らずいろんなサッカーも観ます愛媛も応援してますあと時々ムラムラと鉄道旅行したくなります,昨日まで泊日の旅行だったので今日は休養日まあ冷蔵庫の中空っぽなので買い出しくらいは行くだろうけど
42,cat_choc_imai,東横にインしたい,"Suica→持ってない

ICOCA→大阪旅行で購入

ふぁっきんローカルカードIca→石川版くるる チャージ方法がくるるとは違い、誤って1万円(有り金すべて)入金 その日の午後は友達に借金

ふぁっきんローカルカードくるる→なぜか通常版と限定デザインの2枚持ってる",東横にインしたい,持ってない大阪旅行で購入ふぁっきんローカルカード石川版くるるチャージ方法がくるるとは違い誤って万円有り金すべて入金その日の午後は友達に借金ふぁっきんローカルカードくるるなぜか通常版と限デザインの枚持ってる
43,kyyyyy1001,あつ森はじめました！住民厳選残りあと1人！猫島！の予定がじゅんくんが可愛すぎて残りグミちゃん！🥳,"あつ森

友達の代わりに募集させていただきます！

譲　フランソワ

求　マイル旅行券10枚

これからモヤ出しします！

よろしくお願いします！",あつ森はじめました住民厳選残りあと人猫島の予がじゅんくんが可愛すぎて残りグミちゃん,あつ森友達の代わりに募集させていただきます譲フランソワ求マイル旅行券枚これからモヤ出ししますよろしくお願いします
44,inadameshi,成人済み腐⭐️静かな老後の日常自我垢⭐️おパ島強火担。おパ島様アンチの方はご遠慮願います⭐️🐭陸海・あつ森・FGOのぐだぐだ鯖が好き⭐️無言フォロー魔⭐️アイコン、ちよださんにもろた,"旅行行きてえな〜
1人でもいいんですぞぉ……",成人済み腐静かな老後の日常自我垢おパ島強火担おパ島様アンチの方はご遠慮願います陸海あつ森のぐだぐだ鯖が好き無言フォロー魔アイコンちよださんにもろた,旅行行きてえな人でもいいんですぞぉ
45,harihari190707,#あつ森 夢番地 DA-3478-4043-3725 適度に整備された発展途上の島です。花屋、民芸・服装品、古道具、釣具店&ブティック、森の喫茶店・工房・コンドミニアムなど有〼,"あつ森 花系 DIYレシピ 交換

求）
きんのバラのリース
ファンシーなバラのリース

譲）
マイル旅行券 3枚",あつ森夢番地適度に整備された発展途上の島です花屋民芸服装品古道具釣具店ブティック森の喫茶店工房コンドミニアムなど有〼,あつ森花系レシピ交換求きんのバラのリースファンシーなバラのリース譲マイル旅行券枚
46,Caro__elizabeth,アイコン LINEとおなじ,"ジュンくんがタヒチ島に来てくれる
やばい嬉しいイケメンが来る
5回マイル旅行行って
2回 ハムスター 2回ブタで
めっちゃ心配だったけどもう大好き",アイコンとおなじ,ジュンくんがタヒチ島に来てくれるやばい嬉しいイケメンが来る回マイル旅行行って回ハムスター回ブタでめっちゃ心配だったけどもう大好き
47,kubochancit1422,"cit学友15期。フォローはご自由にお願いします。リア垢なので基本リアルつながりの方と判断した場合のみフォロバしていきます。
Twitterなんで、基本ただの独り言。","飛行機の前後の席で感染するなら満員電車ならもっと感染するので、旅行ガーって報道じゃなくて仕事ガーにしてほしい
いろんな会社が仕事してるから感染広まるんだー仕事やめろーって報道してみなさいよ、と
まあ無理でしょうが。お金だしてくれるとこには批判しないのが普通だしね",学友期フォローはご自由にお願いしますリア垢なので基本リアルつながりの方と判断した場合のみフォロバしていきますなんで基本ただの独り言,飛行機の前後の席で感染するなら満員電車ならもっと感染するので旅行ガーって報道じゃなくて仕事ガーにしてほしいいろんな会社が仕事してるから感染広まるんだー仕事やめろーって報道してみなさいよとまあ無理でしょうがお金だしてくれるとこには批判しないのが普通だしね
48,0615Ritenuto,牛さんがいないと生きていけない16×2＋1歳です。,"旅行ダメ、カラオケもダメ、温泉ダメ(手術後だから)、ジム、・プール・自転車・運動全般ダメ(手術…以下略)、楽しみにしてたミッフィー展も行けない…

動きたい汗かきたい旅に出たいおいしいもの食べたい可愛いものを愛でたい❗️

そろそら干からびそう",牛さんがいないと生きていけない×歳です,旅行ダメカラオケもダメ温泉ダメ手術後だからジムプール自転車運動全般ダメ手術以下略楽しみにしてたミッフィー展も行けない動きたい汗かきたい旅に出たいおいしいもの食べたい可愛いものを愛でたいそろそら干からびそう
49,hyaskoy,"家族と私の笑顔のために、使えるものは使っていきます。いつかのんびり編んだり縫ったりできるその日まで。
scansnap/evernote/編み物/なんちゃって和裁/手仕事/男女育児機会均等法/予防接種証明書/アンチランドセル/夏休み給食ランチ/熱中症パトロール",ステイホームや新しい生活様式が当たり前になってきた今日この頃、Googleフォトが知らせてくる「一年前の今日」の写真を見ると、なんとも切ないというか…去年の夏の旅行の写真なんかをふいに目にすると、しみじみ心にきいてくる…。,家族と私の笑顔のために使えるものは使っていきますいつかのんびり編んだり縫ったりできるその日まで編み物なんちゃって和裁手仕事男女育児機会均等法予防接種証明書アンチランドセル夏休み給食ランチ熱中症パトロール,ステイホームや新しい生活様式が当たり前になってきた今日この頃フォトが知らせてくる一年前の今日の写真を見るとなんとも切ないというか去年の夏の旅行の写真なんかをふいに目にするとしみじみ心にきいてくる
50,BokushifujinBot,気ままにツイートします。自動投稿は停止中。時々不謹慎だとお叱りを受けますが、そもそもこのアカウントは伝道目的ではありません。赤裸々ぶっちゃけツイートが苦手な方は見ないでください。尚、当アカウントのツイートはすべての牧師夫人にあてはまるものではないことをご了承願います,"観光地の教会にいたときは、夏は旅行者や信者さんの帰省したご家族、そして夏期休暇中の牧師ご一家がふいに礼拝にくるので、夏は休みを取らなかった。
　また、教会レポートに来る中高大学生を万全のサポート体制でお迎えするために牧師不在は避けたかったのもある。",気ままにツイートします自動投稿は停止中時々不謹慎だとお叱りを受けますがそもそもこのアカウントは伝道目的ではありません赤裸々ぶっちゃけツイートが苦手な方は見ないでください尚当アカウントのツイートはすべての牧師夫人にあてはまるものではないことをご了承願います,観光地の教会にいたときは夏は旅行者や信者さんの帰省したご家族そして夏期休暇中の牧師ご一家がふいに礼拝にくるので夏は休みを取らなかったまた教会レポートに来る中高大学生を万全のサポート体制でお迎えするために牧師不在は避けたかったのもある
51,deppppy_,94/愛知→京都→東京→大阪/広告代理店→R すたたたたっ,四国旅行でだいぶリバウンドしてるので明日からまたまたダイエット,愛知京都東京大阪広告代理店すたたたたっ,四国旅行でだいぶリバウンドしてるので明日からまたまたダイエット
52,gerogero_dokkan,真善美,クラス旅行でディズニー行って、クルーウェルのクラスはみんな101匹ワンちゃんのヘアバンド着けて巡ってほしい。,真善美,クラス旅行でディズニー行ってクルーウェルのクラスはみんな匹ワンちゃんのヘアバンド着けて巡ってほしい
53,aiai831,"宝くじで１億円当たらないかなー
大崎一番太郎にあだ名付けてもらいました！ （飛森実果　とびもり・みか）
特技;夜更かし",フィンランドに１人で旅行したのはいいけれど、毎回宿にたどり着く前に迷子になってぼっちで不安になる夢を見た。その街は日本人がたくさんいて、日本語のレストランもいっぱいあった。じゃそこの人に道聞けば良かったのになw あとトイレに行きたくて、行った先からまたトイレ行きたくなるいつもの夢。,宝くじで億円当たらないかなー大崎一番太郎にあだ名付けてもらいました飛森実果とびもりみか特技夜更かし,フィンランドに人で旅行したのはいいけれど毎回宿にたどり着く前に迷子になってぼっちで不安になる夢を見たその街は日本人がたくさんいて日本語のレストランもいっぱいあったじゃそこの人に道聞けば良かったのになあとトイレに行きたくて行った先からまたトイレ行きたくなるいつもの夢
54,Ruzhirushi,第五専用　サバ専　ディスコ有　固定パメンバー求ム,旅行行きてぇ,第五専用サバ専ディスコ有固パメンバー求ム,旅行行きてぇ
55,AkaneRimi,クローゼットの9割が赤色な人。弐寺皆伝。DDRDP九段。ポップンLove/ギター/音楽/バイク/GAME/Jackson/Boss/ESTRELLA/雀魂,"まぁ帰ったら張り紙されるし石投げられるしな
旅行なんか行ったら殺人されてザ・エンドってね",クローゼットの割が赤色な人弐寺皆伝九段ポップンギター音楽バイク雀魂,まぁ帰ったら張り紙されるし石投げられるしな旅行なんか行ったら殺人されてザエンドってね
56,renitan0505,🇵🇭×🇵🇭元バスケ部 轟小☞宮崎小☞蘇我中☞学芸☞ボード職人,"まじ山形まで来たのは頭悪すぎだし
こっからお母さん迎えに会社まで直で迎えに行くのも頭悪いし
フッ軽なのも頭悪いし
何が言いたいかって言うとフッ軽なのほんとに頭悪い
フッ軽レベルじゃないし
ドライブじゃなくてただの日帰り旅行",×元バスケ部轟小宮崎小蘇我中学芸ボード職人,まじ山形まで来たのは頭悪すぎだしこっからお母さん迎えに会社まで直で迎えに行くのも頭悪いしフッ軽なのも頭悪いし何が言いたいかって言うとフッ軽なのほんとに頭悪いフッ軽レベルじゃないしドライブじゃなくてただの日帰り旅行
57,yukiyamayuzu,"ゆずっこ。ライブはユズモラスから参戦。かなりの右っこ。岩沢さん愛語ります。パン、スイーツ大好き。ゆずより食べ物のツイートのが多めです。
無言フォロー失礼します。無言フォロー歓迎(*^^*)","あー。金沢の魚、めっちゃ美味しそうー。金沢行きたいなー。
北海道旅行も奥飛騨旅行も中止になったし、富山も静岡も今は行けないけど、行きたいとこいっぱいやわー。お金貯めよ。",ゆずっこライブはユズモラスから参戦かなりの右っこ岩沢さん愛語りますパンスイーツ大好きゆずより食べ物のツイートのが多めです無言フォロー失礼します無言フォロー歓迎,あー金沢の魚めっちゃ美味しそうー金沢行きたいなー北海道旅行も奥飛騨旅行も中止になったし富山も静岡も今は行けないけど行きたいとこいっぱいやわーお金貯めよ
58,wakame_gudaguda,創作垢兼語りたいだけの垢/7割近く日常垢/成人済み/基本的にはFGOとFate全般/とうとうシルレスにも手を出した/HFガチ勢の桜ちゃん過激派/槍弓/キャスぐだ/アヴィ＋ぐだ/エミヤとデミヤのモンペ/ましまろ→ https://t.co/q5jSKZ3I0d,同人誌出せるし旅行も行けるな,創作垢兼語りたいだけの垢割近く日常垢成人済み基本的にはと全般とうとうシルレスにも手を出したガチ勢の桜ちゃん過激派槍弓キャスぐだアヴィぐだエミヤとデミヤのモンペましまろ,同人誌出せるし旅行も行けるな
59,kousokubusnet,高速バスネット（こうそくバスネット）は、JRバス各社（北海道を除く）が共同で運営するJR高速バスの座席予約システムである。,マルスはインターネットやコンビニエンスストアなどに設置されているマルチメディアステーションと接続されておらず、鉄道駅や旅行会社の「みどりの窓口」でしか扱えない、列車用のマルスでは輸送単位の少ないバス特有の販売事情に対応しにくいという問題点があった。,高速バスネットこうそくバスネットはバス各社北海道を除くが共同で運営する高速バスの座席予約システムである,マルスはインターネットやコンビニエンスストアなどに設置されているマルチメディアステーションと接続されておらず鉄道駅や旅行会社のみどりの窓口でしか扱えない列車用のマルスでは輸送単位の少ないバス特有の販売事情に対応しにくいという問題点があった
60,sikanoko2,非現実の片道きっぷ,"卒業式に行かなかった日、研究室同期から電話がかかってくる
中学部活のパートで旅行に行く計画を立てる
抜き打ち合奏、楽譜がラッパでわからない",非現実の片道きっぷ,卒業式に行かなかった日研究室同期から電話がかかってくる中学部活のパートで旅行に行く計画を立てる抜き打ち合奏楽譜がラッパでわからない
61,negitorodo,ゲームしてアニメ見て音楽聴いて生きてます,人がどこか旅行に行ったツイートを見ると羨ましすぎる目で見てる,ゲームしてアニメ見て音楽聴いて生きてます,人がどこか旅行に行ったツイートを見ると羨ましすぎる目で見てる
62,miyabi_kaguya,"CLAMP作品育ち🗼東京BABYLONは人生のバイブル／NO星昴,NO LIFE🌸星史郎さん推しの桜の贄😎昴流くん可愛い👼／星昴＆封神／転載は禁止です／🔞裏垢@miyabi_kaguya_R／🎞MMD垢@miyabi_kaguya_M／▶︎プロフ詳細 https://t.co/ujzkyivQKV","明日も仕事の休日対応だから今日はひたすら家でやりたいことやる！と決めたけどやりたい事ありすぎて何からやろ〜✨と早朝からベッドにゴロゴロしながらとりあえずあつ森三昧してた🏝🛌

この前の旅行の写真もまとめたいしお絵かきもしたいしデニーズの桃デザート食べにも行きたいし…へへ全部やろ🍑☺️",作品育ち東京は人生のバイブル星昴星史郎さん推しの桜の贄昴流くん可愛い星昴封神転載は禁止です裏垢垢プロフ詳細,明日も仕事の休日対応だから今日はひたすら家でやりたいことやると決めたけどやりたい事ありすぎて何からやろと早朝からベッドにゴロゴロしながらとりあえずあつ森三昧してたこの前の旅行の写真もまとめたいしお絵かきもしたいしデニーズの桃デザート食べにも行きたいしへへ全部やろ
63,Hivx2s1ektJ2XNA,"FF DQやってます。
ニホンイシガメ、クサガメ、ミシシッピアカミミガメ、セマルハコガメ、兎、カブト、クワガタ、蓮、睡蓮。魚、野菜。
動物好きですが犬猫はアレルギーで飼えません。熱帯魚はプレコ推し。リクガメ興味有り。猫の放し飼いはやめてください。
服や鞄など裁縫は出来ますが編物は苦手です。
性犯罪絶対許さないウーマン。","飛行機乗ってないな、離陸が好き。
着陸は緊張する。

気兼ね無く旅行出来る日が来て欲しい。",やってますニホンイシガメクサガメミシシッピアカミミガメセマルハコガメ兎カブトクワガタ蓮睡蓮魚野菜動物好きですが犬猫はアレルギーで飼えません熱帯魚はプレコ推しリクガメ興味有り猫の放し飼いはやめてください服や鞄など裁縫は出来ますが編物は苦手です性犯罪絶対許さないウーマン,飛行機乗ってないな離陸が好き着陸は緊張する気兼ね無く旅行出来る日が来て欲しい
64,hir155,みよまる推し、大芝りんかたんも気になる,"旅行業界がやばいからといってgotoを強行したくせに瀕死状態のイベント業界への制限は続けるんかい
てか、国会は呑気にお休み？",みよまる推し大芝りんかたんも気になる,旅行業界がやばいからといってを強行したくせに瀕死状態のイベント業界への制限は続けるんかいてか国会は呑気にお休み
65,yoshika1204,好きなものを好きなだけ摂取する人生です。だいたい酔っ払っている。テニスの王子様。弱虫ペダル。舞台やイベント後は特にうるさい&ブログもTwitterも個人の感想&記憶怪しめ&ネタバレ注意。F/R/Bご自由です(報告不要) 。成人済。,"GO TOはわざわざ前倒しにしたり推し進めてるのに、、とどうしても思ってしまうなぁ
てか少人数で行ってるから『クラスター』というものが出てないだけで
増やしたり広げてる度合いでいくと旅行だって結構じゃないのかな",好きなものを好きなだけ摂取する人生ですだいたい酔っ払っているテニスの王子様弱虫ペダル舞台やイベント後は特にうるさいブログもも個人の感想記憶怪しめネタバレ注意ご自由です報告不要成人済,はわざわざ前倒しにしたり推し進めてるのにとどうしても思ってしまうなぁてか少人数で行ってるからクラスターというものが出てないだけで増やしたり広げてる度合いでいくと旅行だって結構じゃないのかな
66,U_U_enjoy,読書、勉強、旅行だったり…バラバラ☘️のんびりまったり。ハマってるもの▹▸読書*カフェ*紅茶*雑貨屋さん巡り𖠚ᐝ英語/IT勉強中📖,"カフェいきたい、旅行いきたい、
星空撮りたい。

やのにコロナのせいで
何処も行けないじゃん。

なんやねんな…もう！！←

いつ終わんの？コロナめ！",読書勉強旅行だったりバラバラのんびりまったりハマってるもの▹▸読書カフェ紅茶雑貨屋さん巡り𖠚ᐝ英語勉強中,カフェいきたい旅行いきたい星空撮りたいやのにコロナのせいで何処も行けないじゃんなんやねんなもういつ終わんのコロナめ
67,pururun2319,炭水化物おいしいね,"実は温泉一度も入ったことない
旅行すら行けてない",炭水化物おいしいね,実は温泉一度も入ったことない旅行すら行けてない
68,yyyaaya184,男装監督生受け（顔あり）/ヘッダーは唐揚げに見せかけたアメリカンドッグです。🐚🐬🐙🦈🐚,課金は海外旅行したと思えば実質タダwwwwwwwwwwwwwwな〜るほどね！白目剥いて泡吹いてぶっ倒れた,男装監督生受け顔ありヘッダーは唐揚げに見せかけたアメリカンドッグです,課金は海外旅行したと思えば実質タダなるほどね白目剥いて泡吹いてぶっ倒れた
69,Gennei2620,"★アニメをこよなく愛する撮り鉄だゾ‼
【愛車】：UL/2620系/5155系復刻/1521系VVVF/ひのとり
※フォロー返しのみ行うゾ。宣伝のためにDMを送るのOUT‼
　
＊現実では、コミュ障だゾｗ",今日、旅行に行くゾ‼明日まで、風景写真になるゾ。,アニメをこよなく愛する撮り鉄だゾ愛車系系復刻系ひのとりフォロー返しのみ行うゾ宣伝のためにを送るの現実ではコミュ障だゾ,今日旅行に行くゾ明日まで風景写真になるゾ
70,tabiuo,旅/JR完乗済/スノーボード/登山/新人デレP/S.C. NANA NET/Mellow Pretty,基本的に直前まで旅行計画を決められない性格だから東海ツアーズだと3日前まで予約できるのは助かる。旅行前日までに店舗受取が必要ではあるけれど。航空DPは1週間前までだからなー。この差は大きい。,旅完乗済スノーボード登山新人デレ,基本的に直前まで旅行計画を決められない性格だから東海ツアーズだと日前まで予約できるのは助かる旅行前日までに店舗受取が必要ではあるけれど航空は週間前までだからなーこの差は大きい
71,ucchi_math,理系大学生(19),いろいろ旅行の計画たててるのに567のせいでほとんど実現しなさそう😒😒😒,理系大学生,いろいろ旅行の計画たててるのにのせいでほとんど実現しなさそう
72,BRadiospoon,#spoon配信,お盆配信も佳境に差し掛かってきたので、久々に旅行の話でもしようかね。夕方歩きながらしましょうかね。,配信,お盆配信も佳境に差し掛かってきたので久々に旅行の話でもしようかね夕方歩きながらしましょうかね
73,lovechu777,kumano*→aichi*      like♡  ONE OK ROCK RADWIMPS サッカー見に行きたい,"海外旅行もお盆の予定も
軒並み無くなって
お盆暇すぎ暑すぎ
Amazonプライムdayやわw",サッカー見に行きたい,海外旅行もお盆の予も軒並み無くなってお盆暇すぎ暑すぎプライムやわ
74,shinichrooo,岩手で生きる。,「Go Toで補助金出してるんだから自宅で自粛してる人達にも補助金出してよ」っていう愚痴を見かけたけどほんとそれな。こんな時に旅行に行くような人は補助がなくたって行くだろうし、納めた税金が感染広めるために使われてるなんて泣きたくなる。そのお金、また定額給付金に使えば平等だったのに。,岩手で生きる,で補助金出してるんだから自宅で自粛してる人達にも補助金出してよっていう愚痴を見かけたけどほんとそれなこんな時に旅行に行くような人は補助がなくたって行くだろうし納めた税金が感染広めるために使われてるなんて泣きたくなるそのお金また額給付金に使えば平等だったのに
75,Ironace9,百合全般（アニメ・漫画中心）が好きです！ 百合を軸に趣味全般を呟いていければと思っています。,"今年は両親も毎年行ってる旅行をコロナで取りやめたっておっしゃってたなぁ
2人ともいい年齢だし、重症化したら怖いもんね",百合全般アニメ漫画中心が好きです百合を軸に趣味全般を呟いていければと思っています,今年は両親も毎年行ってる旅行をコロナで取りやめたっておっしゃってたなぁ人ともいい年齢だし重症化したら怖いもんね
76,100Biyou4,世界の美しい絶景について。相互フォロー希望します。,"海外旅行するなら、どこに行きたいですか？
①チリ
②インドネシア
③ウクライナ
④イラク",世界の美しい絶景について相互フォロー希望します,海外旅行するならどこに行きたいですかチリインドネシアウクライナイラク
77,Lemon59381485,オーストリアに留学中🎻。🇦🇹育ちの🇩🇪人彼氏と付き合ってます！同じ国際恋愛してる方と仲良くなりたくて始めました！どうぞよろしくお願いします😊(2020/08/12にこのアカウント開設しました!),私は今月末に🇦🇹に戻って、9月末から彼とヴェネツィアに遊びに行く予定だけど、今日クロアチア渡航中止出て、イタリアもならないか心配している😩😩ヴェネツィア旅行があるから今コンクールも頑張ろうという気持ちなので、なんとか実現できますように……,オーストリアに留学中育ちの人彼氏と付き合ってます同じ国際恋愛してる方と仲良くなりたくて始めましたどうぞよろしくお願いしますにこのアカウント開設しました,私は今月末にに戻って月末から彼とヴェネツィアに遊びに行く予だけど今日クロアチア渡航中止出てイタリアもならないか心配しているヴェネツィア旅行があるから今コンクールも頑張ろうという気持ちなのでなんとか実現できますように
78,17_pond_flag,一般同人無職　サークルPENG-MODEL,家族で海外旅行に行けるのが普通の家庭だと思ってる系ガキ実在するから怖い,一般同人無職サークル,家族で海外旅行に行けるのが普通の家庭だと思ってる系ガキ実在するから怖い
79,usatandatta,#旅行 #温泉♨️ #国内旅行 #海外旅行,温泉旅行にもいきたいよね？,旅行温泉国内旅行海外旅行,温泉旅行にもいきたいよね
80,mousou_shop,ルクア大阪の #トキメキ事業部 が実施する「#妄想ショップ」です！みんなから集めた“ため息”をヒントに、新しいお店やサービスを作ってます。過去：ひたすら褒めてくれる「ほめるBar」、SNSのアイコンを描いてくれる「アイコンショップ」、あなたのもやもやを聞いてくれる「お坊さん喫茶」など。みなさんの日常のため息も募集中です,"悩んでます、、、。

次の「妄想ショップ」はもしするなら、９月末から１０月頭にスタートしようと思っています。旅行にも行けず、遊びも楽しみきれない、こんなときだからこそ、ハッピーをつくりたいんです。

完全予約制、当日キャンセル可、風通しが良く、対策をした場所で考えてます。

▼質問です",ルクア大阪のトキメキ事業部が実施する妄想ショップですみんなから集めたため息をヒントに新しいお店やサービスを作ってます過去ひたすら褒めてくれるほめるのアイコンを描いてくれるアイコンショップあなたのもやもやを聞いてくれるお坊さん喫茶などみなさんの日常のため息も募集中です,悩んでます次の妄想ショップはもしするなら月末から月頭にスタートしようと思っています旅行にも行けず遊びも楽しみきれないこんなときだからこそハッピーをつくりたいんです完全予約制当日キャンセル可風通しが良く対策をした場所で考えてます質問です
81,iwataganbappe,英国辺境の地にある魔法学校『帝ロン』。日本の中高にないユニークな出来事や専門用語を解説した『帝ロン辞書』より特に人気のあった項目を抜粋しあなたにお届け! 制作⇒日替わりDUTY なお＠に対しては現在未対応です。,【ランチパック】　職場体験や旅行時に支給される昼ごはんセット。サンドウィッチ・果物・お菓子・フルーツジュースの4種類が入っているがサンドウィッチは運ゲー。内容がチーズとチーズだった時の絶望感は相当のもの。たまごなど存在しない。,英国辺境の地にある魔法学校帝ロン日本の中高にないユニークな出来事や専門用語を解説した帝ロン辞書より特に人気のあった項目を抜粋しあなたにお届け制作日替わりなおに対しては現在未対応です,ランチパック職場体験や旅行時に支給される昼ごはんセットサンドウィッチ果物お菓子フルーツジュースの種類が入っているがサンドウィッチは運ゲー内容がチーズとチーズだった時の絶望感は相当のものたまごなど存在しない
82,hpayamada,"YouTube 💻/travel✈/game🎮/trainingꐕ /NEFFEX♪/koven♪　

アイコンはバリバリバリンヌさん（@necomura2525）から","9月の後半に四連休貰えたー！！

国外は無理だから国内旅行しようと思います✌(´&gt;ω&lt;｀)✌",ꐕアイコンはバリバリバリンヌさんから,月の後半に四連休貰えたー国外は無理だから国内旅行しようと思います
83,i1oat,新米ママ。子育て奮闘中〜。一緒に励ましあえるママ友募集✨相互フォロー   #ママ #新米ママ #baby #産後ダイエット #相互 #フォロー #sougo,旅行行きたいなぁ,新米ママ子育て奮闘中一緒に励ましあえるママ友募集相互フォローママ新米ママ産後ダイエット相互フォロー,旅行行きたいなぁ
84,14ZkXkfSPb6dkND,"メンヘラ30代女子。
リア友と呼べる人ゼロ😢
2020年1月の失恋から立ち直れず、でも話せる相手もいなくて日々メンヘラ悪化💔好きでメンヘラやってるわけじゃないし、自分でもなんとかしたい。しんどい😢時々無性に誰かと話したくなるので中身のないツイート多め垢。
トプ画はどっちも私の友達。
ホントにメンヘラ😖","昨日の5文字の返信に喜んでからの今、なんだこれ 笑

不安定な私も悪いけど、彼はいつも私を弄ぶ。

別れてから私と彼を含めた男女数人で行ったグループ旅行でも、それまで冷たかったのに急にやきもちからまた好き好きってなって甘えてきたり。

付き合って無かったけどあの1ヶ月ぐらい、幸せだったな",メンヘラ代女子リア友と呼べる人ゼロ年月の失恋から立ち直れずでも話せる相手もいなくて日々メンヘラ悪化好きでメンヘラやってるわけじゃないし自分でもなんとかしたいしんどい時々無性に誰かと話したくなるので中身のないツイート多め垢トプ画はどっちも私の友達ホントにメンヘラ,昨日の文字の返信に喜んでからの今なんだこれ笑不安な私も悪いけど彼はいつも私を弄ぶ別れてから私と彼を含めた男女数人で行ったグループ旅行でもそれまで冷たかったのに急にやきもちからまた好き好きってなって甘えてきたり付き合って無かったけどあのヶ月ぐらい幸せだったな
85,yuukiO721,出戻り！ 20代男。スポーツ、動物、海、が好き！ 実は関西人。,誰か一緒に温泉旅行しよ(笑),出戻り代男スポーツ動物海が好き実は関西人,誰か一緒に温泉旅行しよ笑
86,HXogusnj,ゲーム好きな一般人です／フォローはこちら→(@akun1101) 毎週日曜に大手顔負けのあつ森企画をやってます。こっちのアカウントはフォローしなくて大丈夫です(何故かフォロワー500人ぐらい居るけど) #あっくんの森←当選者の感想／ 他の抽選者さんを参考にしてます,"流星群＋フーコ来てます！

求)
マイル旅行券×3
or
金鉱石×2

21:00ぐらいまで開けときます

パスワードはです！

落ちてるレシピと家具と服は拾って構いません

カブ価 プレゼントゲート
花火大会 解放
自由 参加型 家具 夢番地
あつ森 カブ価
しんじゅレシピ
マイデザイン",ゲーム好きな一般人ですフォローはこちら毎週日曜に大手顔負けのあつ森企画をやってますこっちのアカウントはフォローしなくて大丈夫です何故かフォロワー人ぐらい居るけどあっくんの森当選者の感想他の抽選者さんを参考にしてます,流星群フーコ来てます求マイル旅行券×金鉱石×ぐらいまで開けときますパスワードはです落ちてるレシピと家具と服は拾って構いませんカブ価プレゼントゲート花火大会解放自由参加型家具夢番地あつ森カブ価しんじゅレシピマイデザイン
87,uniphoenix2020,愛しているよ,"GOTOキャンペーンで下呂温泉行きまーすｗｗｗ
他人の税金で行く旅行たーのしー！",愛しているよ,キャンペーンで下呂温泉行きまーす他人の税金で行く旅行たーのしー
88,ayumi_chi,基本的に自分からあまり呟かないです。 セバスチャンファンの方以外はフォロワーさん整理しました。すみません…,"推しドライバーからなぜかメッセージきて、ヨーロッパにもうすぐ旅行できることを願ってると…😂
ヨーロッパなんだと思ってしまう",基本的に自分からあまり呟かないですセバスチャンファンの方以外はフォロワーさん整理しましたすみません,推しドライバーからなぜかメッセージきてヨーロッパにもうすぐ旅行できることを願ってるとヨーロッパなんだと思ってしまう
89,Black_Report123,俺がブラック企業に勤めていた時の記録bot。たまに手動で呟く【手動ツイ】。身バレしない程度に多少ぼかしてます。たまにツイ更新あり。,社員旅行という名の休日出勤,俺がブラック企業に勤めていた時の記録たまに手動で呟く手動ツイ身バレしない程度に多少ぼかしてますたまにツイ更新あり,社員旅行という名の休日出勤
90,YukiThaiNaen,元タイ在住。旅と飛行機と携帯が好き。相方はタイ人。人の役に立つツイートは皆無😂 I love Naen♡ /Thailand/Bangkok/海外旅行/aki/ANA/SFC/Nokia/Billiard/Shisha/Cherprang พูดไทยได้นิดหน่อย ある旧アカから移行,"【自己紹介？】【定期告知bot】
元タイ在住/現在日本/再タイ移住予定/相方はタイ人/
Naen♡/Thailand/Bangkok/海外旅行/aki/ANA/SFC/Nokia/Billiard/Shisha/Cherprang พูดไทยได้นิดหน่อย",元タイ在住旅と飛行機と携帯が好き相方はタイ人人の役に立つツイートは皆無海外旅行พูดไทยได้นิดหน่อยある旧アカから移行,自己紹介期告知元タイ在住現在日本再タイ移住予相方はタイ人海外旅行พูดไทยได้นิดหน่อย
91,noon_noon17,基本見る専🗝 時々あつ森交換募集、本垢掲示可能です。,"譲
・1スタックにつきマイル旅行券3枚
・同数のまつぼっくり・どんぐり・
   オーナメント各色(赤・青・金)
(例)3スタック(30個)⇔1スタック(30個)

求
もみじのはっぱ

10スタックほど求めています。
可能な方がいらっしゃいましたら
DMにてお願い致します💫

あつ森 季節 素材 交換",基本見る専時々あつ森交換募集本垢掲示可能です,譲スタックにつきマイル旅行券枚同数のまつぼっくりどんぐりオーナメント各色赤青金例スタック個⇔スタック個求もみじのはっぱスタックほど求めています可能な方がいらっしゃいましたらにてお願い致しますあつ森季節素材交換
92,suboxuwedyj,関西大学システム理工学部数字科1回生/工祭・渉内・常任・庶務/大阪学芸中等教育学校 11期生,「修学旅行」  意味:夢のない旅行  修学旅行で告白すると成功…なんてのも嘘！ 好きな人と同じグループなんて妄想！ 男女部屋間での交流にも先生が常に目を光らせ、不要物が見つかれば即没収！ 男女相部屋などは、もってのほかである  追記:女子風呂覗き見のみ実現可能。稀に逮捕者がでる。,関西大学システム理工学部数字科回生工祭渉内常任庶務大阪学芸中等教育学校期生,修学旅行意味夢のない旅行修学旅行で告白すると成功なんてのも嘘好きな人と同じグループなんて妄想男女部屋間での交流にも先生が常に目を光らせ不要物が見つかれば即没収男女相部屋などはもってのほかである追記女子風呂覗き見のみ実現可能稀に逮捕者がでる
93,pcolve,なんかあったらマシュマロでおしえてくれーーー！！！ https://t.co/us7vYy7awU…,たしか本来なら今頃みにまぬと新潟旅行に行っていたはずだったんだけどおれが全部ぶっ壊してしまった　フォロワーとの旅行計画壊れすぎ,なんかあったらマシュマロでおしえてくれーーー,たしか本来なら今頃みにまぬと新潟旅行に行っていたはずだったんだけどおれが全部ぶっ壊してしまったフォロワーとの旅行計画壊れすぎ
94,9faSqlfQh7new9n,"まさか自分がサレ妻になる日がくるなんて……
2020.7月に旦那が里帰り出産中に
不倫されたことが発覚。
双方不定行為を認め、弁護士通して
双方に慰謝料請求中
旦那とは再構築を目指しているのですが
価値観が違いすぎて噛み合わず……","不倫詳細
2019.12
私帰省後、
職場の後輩女と自宅にて不貞行為
2020.1～2020.6末
不倫継続、旅行にも行かれてた
私帰宅後、不貞はなかったものの
旦那から女に連絡してた
2020.7
クレカ明細に映画館の形跡。
調べたら真っ黒。発覚しました。",まさか自分がサレ妻になる日がくるなんて月に旦那が里帰り出産中に不倫されたことが発覚双方不行為を認め弁護士通して双方に慰謝料請求中旦那とは再構築を目指しているのですが価値観が違いすぎて噛み合わず,不倫詳細私帰省後職場の後輩女と自宅にて不貞行為末不倫継続旅行にも行かれてた私帰宅後不貞はなかったものの旦那から女に連絡してたクレカ明細に映画館の形跡調べたら真っ黒発覚しました
95,Subarasui0104,オリトラ好きの狂生物、自己承認欲求のかたまりの擬人化です 名前の呼びは洲薔薇 錐（すばら すい） 呼びはひらがなでOKです /#バンドリ #アベンジャーズ #ウルトラマン #オリトラマン #ジョジョ　が好きな人歓迎しやす！ #ウルバト 始めました！ ソフビ改造/小説/イラスト等色々やってます,フォロワーさんみんな旅行行ってる！うらやま！！俺も連れてけ〜！！笑,オリトラ好きの狂生物自己承認欲求のかたまりの擬人化です名前の呼びは洲薔薇錐すばらすい呼びはひらがなでですバンドリアベンジャーズウルトラマンオリトラマンジョジョが好きな人歓迎しやすウルバト始めましたソフビ改造小説イラスト等色々やってます,フォロワーさんみんな旅行行ってるうらやま俺も連れてけ笑
96,makitaket,4歳娘と夫🦍あり。エレカシの浩次と、五嶋龍が好き。子どもと近場に出かけたり、仕事（有期職員）でヒーヒー言ったりする日々。土日が永遠に続いてほしい。🌈✨,"率直に教えてください🤤
９月のシルバーウィーク、都民は旅行に",歳娘と夫ありエレカシの浩次と五嶋龍が好き子どもと近場に出かけたり仕事有期職員でヒーヒー言ったりする日々土日が永遠に続いてほしい,率直に教えてください月のシルバーウィーク都民は旅行に
97,intentions_copy,（株）INTENTION所属の鈴村健一さん櫻井孝宏さんお2人の会話とコピペの非公式botになるであります。内容に関して増やして欲しいエピソードや出典など、何かあればリプライまたはDMくださいであります。現在134ver.,"鈴「櫻井さんの二十代半ばの思い出といえば鈴村さんと箱根まで温泉旅行の下見に行きました」
櫻「ｗｗｗ行ったな」
鈴「行ったなあｗｗ櫻井くん！富士山見えそうやで！って言いながらなｗｗ」
櫻「二人共若手で暇だからねｗ」",株所属の鈴村健一さん櫻井孝宏さんお人の会話とコピペの非公式になるであります内容に関して増やして欲しいエピソードや出典など何かあればリプライまたはくださいであります現在,鈴櫻井さんの二十代半ばの思い出といえば鈴村さんと箱根まで温泉旅行の下見に行きました櫻行ったな鈴行ったなあ櫻井くん富士山見えそうやでって言いながらな櫻二人共若手で暇だからね
98,Ouka1930,成人済なあんちくしょー★☆★適度になんでもやりたいマン☆★☆ nanaでも歌ってます 気が向いたらお相手してくださいませませ,"旅行終わってからの
現実が辛い('ω’)",成人済なあんちくしょー適度になんでもやりたいマンでも歌ってます気が向いたらお相手してくださいませませ,旅行終わってからの現実が辛い
99,montero_p_gm,"ゲーム好きなアラフォーです。プリコネ／ハチナイ／Aqours。プリコネはニノン推し。
ハチナイは最高S4で推しはいろはちゃん！高校名は「いろはす高校」です。
最近はAqoursに夢中。6thライブ行きたいな。ヨハネ梨子推し！","おはようございます👿🌸

夏休みもあと２日。
何もしてないけど短かった…。
旅行行きたかったけど我慢の日々、
早く自由に行来できるようになりたいですね。

今日も頑張りましょー！",ゲーム好きなアラフォーですプリコネハチナイプリコネはニノン推しハチナイは最高で推しはいろはちゃん高校名はいろはす高校です最近はに夢中ライブ行きたいなヨハネ梨子推し,おはようございます夏休みもあと日何もしてないけど短かった旅行行きたかったけど我慢の日々早く自由に行来できるようになりたいですね今日も頑張りましょー
100,RemE501,虚言鼠の飼い主！#MakeAbikoGreatAgain,"弊社では当たり前のように海外旅行にいってる生徒に""""理解らせ""""を実施しております",虚言鼠の飼い主,弊社では当たり前のように海外旅行にいってる生徒に理解らせを実施しております
101,nao_c70,那桜（@nao_sh929）の移行先。劇団員とラッパーに必死。FRBフリー。,🐴は「また来年やりゃいいだろ」って言うし💉は「今の私達は来年の約束ができますからね」って言うしなんなら来年なんて待ってられなくて後日突然1️⃣を北海道旅行に誘う大人たち。そんで「いいじゃん、行って来なよ！」って言う2️⃣と「低脳と同意見なのは心外ですが……」って言う3️⃣,那桜の移行先劇団員とラッパーに必死フリー,はまた来年やりゃいいだろって言うしは今の私達は来年の約束ができますからねって言うしなんなら来年なんて待ってられなくて後日突然を北海道旅行に誘う大人たちそんでいいじゃん行って来なよって言うと低脳と同意見なのは心外ですがって言う
102,mittyo_neon,雑多垢。 ネオンかわいい CoDもやる！！,旅行なうなう,雑多垢ネオンかわいいもやる,旅行なうなう
103,kuukai_infield,YouTubeでゲームの生配信をしたり料理の動画を上げたりしています。チャンネル→https://t.co/IjRxQV5iUp,今日は電車で一人温泉旅行や,でゲームの生配信をしたり料理の動画を上げたりしていますチャンネル,今日は電車で一人温泉旅行や
104,KagataYuko,"20年前に発売された「メモリーズオフ」第1作目で、双海詩音役をつとめさせていただきました元声優です。
メモオフに出演したことをきっかけに、沢山の経験を得ることが出来、多くの人と出会うことが出来ました。
メモオフは私の人生を変えた大切な作品です。

またいつかどこかで会えたらいいですね？
その日まで・・・　ごきげんよう！","昨夜はなんだか愚痴ってしまってごめんなさい💦
もうね、キャンペーンのせいか旅行すること自体が悪みたいな論調を目にするたび傷ついていて😢
ライブやカラオケファンの方も似たようなお気持ちなのかも…

さて、今夜あたりすごいものをご披露したいと思います！
こちらも誕生日プレゼントなの🎁🤭",年前に発売されたメモリーズオフ第作目で双海詩音役をつとめさせていただきました元声優ですメモオフに出演したことをきっかけに沢山の経験を得ることが出来多くの人と出会うことが出来ましたメモオフは私の人生を変えた大切な作品ですまたいつかどこかで会えたらいいですねその日までごきげんよう,昨夜はなんだか愚痴ってしまってごめんなさいもうねキャンペーンのせいか旅行すること自体が悪みたいな論調を目にするたび傷ついていてライブやカラオケファンの方も似たようなお気持ちなのかもさて今夜あたりすごいものをご披露したいと思いますこちらも誕生日プレゼントなの
105,a59aidx7csxja,裏垢女子はじめました☺️エロ絡みOKです🧡✨LINE来て⏬✨,"いつになったら海外旅行に行けるんだろ・・・
ここ最近、去年に行ったアルゼンチンの写メひたすら見てるｗ

眠いから二度寝する！",裏垢女子はじめましたエロ絡みです来て,いつになったら海外旅行に行けるんだろここ最近去年に行ったアルゼンチンの写メひたすら見てる眠いから二度寝する
106,Mii123o,どこかの客室乗務員✈︎ 未熟者ですが、日々成長していきたい。色々知りたい、勉強中✏︎,航空業界はもう終わりだとか言ってた人いるけど終わるわけなくない？と思ってしまう。旅行の楽しさや空港、飛行機の楽しさを知ってる人が昔より格段に増えてるし、多分野での国際化も進んだ。そしてそれが後退することもないと思ってる。日本も世界が必要だし、世界も日本を必要としてると信じたい。,どこかの客室乗務員未熟者ですが日々成長していきたい色々知りたい勉強中,航空業界はもう終わりだとか言ってた人いるけど終わるわけなくないと思ってしまう旅行の楽しさや空港飛行機の楽しさを知ってる人が昔より格段に増えてるし多分野での国際化も進んだそしてそれが後退することもないと思ってる日本も世界が必要だし世界も日本を必要としてると信じたい
107,t9QRhSotZJtbgC5,仲良くしてあげてください。褒められて伸びるタイプです。最近伸びがち伸び盛りです。鍛えて大きくなろうと思ってます。 1758840(無),"昔の写真を眺めて妄想旅行。
２年前は充実してたやん...",仲良くしてあげてください褒められて伸びるタイプです最近伸びがち伸び盛りです鍛えて大きくなろうと思ってます無,昔の写真を眺めて妄想旅行年前は充実してたやん
108,pua3258,ローソンオタクルーなMtF（自称）空飛ぶならSKY1択！スカイマークと人生初クレカはJQカード！JQ信者。 @pua3258_info からこちらへ移行しました。 電車/高速バス/スーパー/コンビニ/ディズニー オタ（チデ推し）,幼少期の夏休みには特急踊り子で熱海へ旅行に行く人生が良かったな…,ローソンオタクルーな自称空飛ぶなら択スカイマークと人生初クレカはカード信者からこちらへ移行しました電車高速バススーパーコンビニディズニーオタチデ推し,幼少期の夏休みには特急踊り子で熱海へ旅行に行く人生が良かったな
109,apricot1st,⚠️Liar-s crew/お寺と濱辺/熊の肉/ 古の腐女子/ 日常雑多/映えない食事の写真,7時間生放送の前までに全ての家事をこなそうとしたけど力尽きた…旅行帰りの洗濯無双よ,お寺と濱辺熊の肉古の腐女子日常雑多映えない食事の写真,時間生放送の前までに全ての家事をこなそうとしたけど力尽きた旅行帰りの洗濯無双よ
110,rui_tube_game,マイペースで動画投稿してます😍OL女(元保育士)💕私の動画を見て日常を忘れて楽しんでもらいたい😘💋MHW/TLoU/FF7/バイオ🎮Apexにどハマり中❤️Apex用垢@Apex67002901💍,旅行に行きたい。美味しいもの食べたい。,マイペースで動画投稿してます女元保育士私の動画を見て日常を忘れて楽しんでもらいたいバイオにどハマり中用垢,旅行に行きたい美味しいもの食べたい
111,kazumakanazawa,"旅行会社を運営するかたわら
友人の立ち上げたストック型ビジネスのリクルートをしております。","親しい知人が立ち上げた、
資産構築（ストック）型の旅行事業の立ち上げメンバーの採用もしています。 
人生を楽しく過ごすチャンスをぜひ手に入れてください！

よろしくお願いいたします！",旅行会社を運営するかたわら友人の立ち上げたストック型ビジネスのリクルートをしております,親しい知人が立ち上げた資産構築ストック型の旅行事業の立ち上げメンバーの採用もしています人生を楽しく過ごすチャンスをぜひ手に入れてくださいよろしくお願いいたします
112,haduki_koyuki,"仲良し→@sazanami_______
リア友ちゃん→@amane_224696
優しい先輩→@yuna_west__kt7
推し→@mc_HamterRAW
大好き→@minayu5121 ＠LittleFOX_1243
わしタグ   #こゆぴくちゃー
Ham's🐹、OSIRISです
文句、質問あればDMまで","マイル旅行券10回中、一回も住人いなかった()
クソ()",仲良しリア友ちゃん優しい先輩推し大好きわしタグこゆぴくちゃーです文句質問あればまで,マイル旅行券回中一回も住人いなかったクソ
113,aechan_atumori,あえ(@aechan24)のあつ森投稿用のアカウントです。 2020.04.21_START😌島の名前は「ヒポポタマス島」です。 たまに別の🎮に関しても呟くかも？パペットマペットさんとすゑひろがりずさん、花江夏樹さんのあつ森配信が好き❣️,"よっしゃー！
島民ガチャ頑張るぞー！ってマイル旅行券も沢山発券して準備万端で挑んだら一発目から可愛い子来て速攻で終わった…",あえのあつ森投稿用のアカウントです島の名前はヒポポタマス島ですたまに別のに関しても呟くかもパペットマペットさんとすゑひろがりずさん花江夏樹さんのあつ森配信が好き,よっしゃー島民ガチャ頑張るぞーってマイル旅行券も沢山発券して準備万端で挑んだら一発目から可愛い子来て速攻で終わった
114,Maluz_Hatake78,はじめしゃちょーの畑￤CUCA￤大河ドラマ￤ダイエット頑張る👙￤ぽっちゃりでもいいじゃない,けいすけくんが旅行行くなら位置情報アプリと盗聴器…あと監視カメラ…,はじめしゃちょーの畑¦¦大河ドラマ¦ダイエット頑張る¦ぽっちゃりでもいいじゃない,けいすけくんが旅行行くなら位置情報アプリと盗聴器あと監視カメラ
115,veilchen6,"ギャラリーアカウント（コロナのため休止中）
リツイート、保存大丈夫です。
引用はご遠慮ください。
原画転載無しならお渡しできます。
月組箱推し
プロフに自己紹介無い方、自ツイ無い方即ブロックします
看護師",お盆なので『家族』旅行にいくという名目で預けられる高齢者が気の毒でならない。介護に疲れた家族のレスパイトだと分かっていても、どこも空いてないという理由で患者が他県から慣れない土地にGOTOされて家族はさっさと温泉に……いってらっしゃい、といいつつ悲しげな表情を見るとやるせないよな,ギャラリーアカウントコロナのため休止中リツイート保存大丈夫です引用はご遠慮ください原画転載無しならお渡しできます月組箱推しプロフに自己紹介無い方自ツイ無い方即ブロックします看護師,お盆なので家族旅行にいくという名目で預けられる高齢者が気の毒でならない介護に疲れた家族のレスパイトだと分かっていてもどこも空いてないという理由で患者が他県から慣れない土地にされて家族はさっさと温泉にいってらっしゃいといいつつ悲しげな表情を見るとやるせないよな
116,ACNHnoyo,基本サボり気味で私得にしかならない島を作ってます センスがない！！あつ森で引っ越したどうぶつと触れ合いたすぎてポケ森はじめました,"あつ森　交換
求：くものうえのゆか

譲：下記のいずれか
・マイル旅行券10枚
・はいきょのかべ
・キッスのかべがみ
・エジプトのかべ
・がいろじゅのかべ
・つたのかべ
・マングローブのかべ
・おおうなばらのかべ
・こうげんなかべ
・こうやのかべ
・すいへいせんのかべ
・でんえいふうけいのかべ
続",基本サボり気味で私得にしかならない島を作ってますセンスがないあつ森で引っ越したどうぶつと触れ合いたすぎてポケ森はじめました,あつ森交換求くものうえのゆか譲下記のいずれかマイル旅行券枚はいきょのかべキッスのかべがみエジプトのかべがいろじゅのかべつたのかべマングローブのかべおおうなばらのかべこうげんなかべこうやのかべすいへいせんのかべでんえいふうけいのかべ続
117,sukzskcain,成人腐女子。兎に角うるさい。好きなものも嫌いなものもいっぱい。ジャンプは本誌派。プロフ→https://t.co/sTd9ndvi7S   ヒロ垢→@cain_kbut  スケ垢→@cain_fsk  しぶ→https://t.co/nJNl25bB3X,台湾小旅行くらい聞いたらパッとわかんだろうよ…,成人腐女子兎に角うるさい好きなものも嫌いなものもいっぱいジャンプは本誌派プロフヒロ垢スケ垢しぶ,台湾小旅行くらい聞いたらパッとわかんだろうよ
118,x_qxa,「今すぐお金が欲しぃ！」そんな人に役立つすぐにお金を稼げる方法をつぶやきます。まずは優良ポイントサイトへの登録から。お小遣い欲しい人は試してね。 #節約 #副業 #お金儲け ★詳細はこちら→ https://t.co/mRcHVOsHLX,ネットショッピングはハピタス経由が断然お得！！ポイントがWで貯まって、貯まったポイントは航空会社のマイルや、アマギフ・現金とも交換できるので、行きたかった海外旅行やちょっとリッチなランも手軽に楽しめます。まだ始めてない人は早く始めないと損ですよ♪♪,今すぐお金が欲しぃそんな人に役立つすぐにお金を稼げる方法をつぶやきますまずは優良ポイントサイトへの登録からお小遣い欲しい人は試してね節約副業お金儲け詳細はこちら,ネットショッピングはハピタス経由が断然お得ポイントがで貯まって貯まったポイントは航空会社のマイルやアマギフ現金とも交換できるので行きたかった海外旅行やちょっとリッチなランも手軽に楽しめますまだ始めてない人は早く始めないと損ですよ
119,intruder1201,雑食雑多垢＊サクラ大戦＊D機関＊蒼穹のファフナー＊シンカリオン＊μ's･Aqours1年生＊twst🐚🦈＊特撮/TRPG勉強中＊超会議'15'16'17'18OP大合奏＊超パ'16大合奏＊ニコオケファイナル＊A.sax＊B.sax＊IGNIS SINFONIETTA＊るーみゅ＊舞台沼のほとり,"fate観てると毎度思うのは、また神戸行きたいなぁって。
卒業旅行で行ったっきりだもんな、
そのときもFate聖地巡礼だったけど、またやりたい。",雑食雑多垢サクラ大戦機関蒼穹のファフナーシンカリオンμ年生特撮勉強中超会議大合奏超パ大合奏ニコオケファイナルるーみゅ舞台沼のほとり,観てると毎度思うのはまた神戸行きたいなぁって卒業旅行で行ったっきりだもんなそのときも聖地巡礼だったけどまたやりたい
120,kaitoyamagiwa,24歳、サウナーです。/サウナ・スパ健康アドバイザー/五等分の花嫁/中野五月/野球/,福岡旅行がなくなってしまった（そもそも行けるとは思ってなかったが）,歳サウナーですサウナスパ健康アドバイザー五等分の花嫁中野五月野球,福岡旅行がなくなってしまったそもそも行けるとは思ってなかったが
121,chattonmix,仕事の鬼、仕事が生き甲斐。 たまに行く一人旅が心の癒し。 寒いとこより暖かいところが好き。 いつか行きたいパラオ。死ぬまでに行きたいイタリア。,"盆休みに入ってから母ちゃんが仕事休みなのもあって朝ごはんがきちっと出てくる。この25年朝ごはんを旅行以外で食べなかった私には拷問に近いものがある。
用意してくれた事に感謝して食べてるが、一昨日はドライカレー、昨日はサザエの壺焼き、今日はチキンソテー…
ヘビーだよ…😔",仕事の鬼仕事が生き甲斐たまに行く一人旅が心の癒し寒いとこより暖かいところが好きいつか行きたいパラオ死ぬまでに行きたいイタリア,盆休みに入ってから母ちゃんが仕事休みなのもあって朝ごはんがきちっと出てくるこの年朝ごはんを旅行以外で食べなかった私には拷問に近いものがある用意してくれた事に感謝して食べてるが一昨日はドライカレー昨日はサザエの壺焼き今日はチキンソテーヘビーだよ
122,tokinaka0065,SS速報やpixvでSS投稿したりしています。 二次創作が中心で、主にアイマス、ガルパン。最近、アイパッドを購入してお絵かき始めました。色々勉強中です。 ◆Q/Ox.g8wNA pixv:460094,旅行したいよう。美味いもの食いたいよう。,速報やで投稿したりしています二次創作が中心で主にアイマスガルパン最近アイパッドを購入してお絵かき始めました色々勉強中です,旅行したいよう美味いもの食いたいよう
123,BHCrusher1,地理・旅行・パソコンの話の垢は@bkch3 □同人サークル地測工廠 □🍈：http://t.co/olaqcofQAF □趣味が多すぎる雑魚絵描き。艦これの水無月を中心にきらら系なども好き。地理とIT系の話が多い移動オタク。 □FANBOX：http://t.co/AP6jLsWpKH □Skeb：http://t.co/nciIJ3RtH6,のなめ氏が青森言っているのと、昨日の夜妹と青森の旅行の話をしたので、私も青函トンネルのところ行きたくなった （割と緊急度高い案件なので本当に行きます）,地理旅行パソコンの話の垢は同人サークル地測工廠趣味が多すぎる雑魚絵描き艦これの水無月を中心にきらら系なども好き地理と系の話が多い移動オタク,のなめ氏が青森言っているのと昨日の夜妹と青森の旅行の話をしたので私も青函トンネルのところ行きたくなった割と緊急度高い案件なので本当に行きます
124,mianhuatang__,すぐ泣く無職の発達,今週1000kmも運転した彼氏のために今日から旅行までは家でまったり過ごすことにしたよ  都会デート連れてってもらったりおかんとお買い物ドライブさせてもらったりのお礼で昨日しっかり寝る前にマッサージしたよ🐰,すぐ泣く無職の発達,今週も運転した彼氏のために今日から旅行までは家でまったり過ごすことにしたよ都会デート連れてってもらったりおかんとお買い物ドライブさせてもらったりのお礼で昨日しっかり寝る前にマッサージしたよ
125,BHrabal_bot,チェコの作家ボフミル・フラバルのことばから。,「年配の農婦が、毒キノコと魔法のキノコについて私に話して聞かせる。それからさらにフェーン、電気のほとばしるあの暖かい風が吹いてくると、人々はその微風に気が狂って、首を吊ったり窓から飛び降りたり自分の喉を掻き切ったりするということについて。」（『世界の旅行者についての殺人歌』）,チェコの作家ボフミルフラバルのことばから,年配の農婦が毒キノコと魔法のキノコについて私に話して聞かせるそれからさらにフェーン電気のほとばしるあの暖かい風が吹いてくると人々はその微風に気が狂って首を吊ったり窓から飛び降りたり自分の喉を掻き切ったりするということについて世界の旅行者についての殺人歌
126,athumorimakaron,マカロン島,"もくせいのこうぐばこ
モモのビックリばこ
ようふうのはかいし
よせぎのかべ2
ランダムストーンのかべ
わふうのはかいし
求)マイル旅行券
金鉱石",マカロン島,もくせいのこうぐばこモモのビックリばこようふうのはかいしよせぎのかべランダムストーンのかべわふうのはかいし求マイル旅行券金鉱石
127,tsubuneko56,夢100ではフロストが好き/とっくに成人済の社会人/ファイアーエムブレム風花雪月にハマる🦁最高 ！！🦁→🦅→🦌→⛪️(進行中)ディミトリ沼が深くてビックリ,"遠出も旅行も自粛な夏休みつまんない
( ˘ω˘ )",夢ではフロストが好きとっくに成人済の社会人ファイアーエムブレム風花雪月にハマる最高進行中ディミトリ沼が深くてビックリ,遠出も旅行も自粛な夏休みつまんない̆̆
128,2EsNdN8rs8dHy47,そういう仕事はしてないですが、一応ＦＰ技能士２級です。NGTは基本箱推しですが西潟さん、安藤さん、佐藤海里さん、西村さん特に応援。リプに返信しないことがあります。,"旅館の料理って普段食べる機会が無い物だから
旅行に来たなって感じがしますね。
ＨＩＳとかは流石にコロナの影響が直撃で今期は駄目ですね。海外物は特に飛行機はろくに飛ばないですから。
藤田観光とかも同様ですね。
藤田観光は箱根の小涌園とかのホテル運営。",そういう仕事はしてないですが一応技能士級ですは基本箱推しですが西潟さん安藤さん佐藤海里さん西村さん特に応援リプに返信しないことがあります,旅館の料理って普段食べる機会が無い物だから旅行に来たなって感じがしますねとかは流石にコロナの影響が直撃で今期は駄目ですね海外物は特に飛行機はろくに飛ばないですから藤田観光とかも同様ですね藤田観光は箱根の小涌園とかのホテル運営
129,tea40187364,都会(彼)と田舎(私)での遠距離恋愛中のアカウント　思っている事をひたすらツイート　惚気あり,"ゴールデンウィークもお盆も
旅行とかしなくていいから彼に会いたかったな～",都会彼と田舎私での遠距離恋愛中のアカウント思っている事をひたすらツイート惚気あり,ゴールデンウィークもお盆も旅行とかしなくていいから彼に会いたかったな
130,610_Har,高2┆🐱@satoniya_がいちばんです𓂃 𓈒𓏸🐱 挨拶･空リプ→『 #原宿産まれタピオカ育ちのはるひこっち向いて』マイタグ→『 #さとみくんとはるひのMemories』,"さとみくん おはようございます✨

今日からリレー放送が始まるんですね！さとみくんの声がたくさん聞けると思うとすごく嬉しいです🎀
コロナのせいであまり旅行に行ったりできなかったんですけど、すとぷりのおかげでとても楽しい夏休みになっています！ありがとうございます😌♥︎
↓↓",高┆がいちばんです挨拶空リプ原宿産まれタピオカ育ちのはるひこっち向いてマイタグさとみくんとはるひの,さとみくんおはようございます今日からリレー放送が始まるんですねさとみくんの声がたくさん聞けると思うとすごく嬉しいですコロナのせいであまり旅行に行ったりできなかったんですけどすとぷりのおかげでとても楽しい夏休みになっていますありがとうございます
131,ma1_chan,#きつコン 田島綾夏ちゃん🦊💙 白間ひなのちゃん🦊❤ Next▷9/27(日)初ワンマンLIVE＠Reed,GoToのおかげで9月の広島旅行がとても安くなりそうなんですが、そうなったときに「安くなってラッキー！」ではなく「せっかく安くなるんやから、当初の予算内で普段は高くて泊まれないようなホテルに泊まっちゃお！」ってなるところが、わたしの金銭感覚バグの要因なんやろうなと思う,きつコン田島綾夏ちゃん白間ひなのちゃん日初ワンマン,のおかげで月の広島旅行がとても安くなりそうなんですがそうなったときに安くなってラッキーではなくせっかく安くなるんやから当初の予算内で普段は高くて泊まれないようなホテルに泊まっちゃおってなるところがわたしの金銭感覚バグの要因なんやろうなと思う
132,hrsw_kiji_bot,"平沢進、及び周辺のインタビューでの発言を呟く非公式botです。何か有りましたらDMでお願いします。
→詳しい説明になります。http://t.co/d8W5An6l　中の人：@chomata00",(オーガンのバンディリア旅行団について)最初これを作ったときには、入れるものを全部入れて、あとでそれを抜いていくっていう作業をしてたんです。(中略)で、逆に今回のほうは、太鼓類がずっと入りっぱなしで、生のストリングスがワーッと入ってくる、やかましいのにしたんですよ(笑)('91),平沢進及び周辺のインタビューでの発言を呟く非公式です何か有りましたらでお願いします詳しい説明になります中の人,オーガンのバンディリア旅行団について最初これを作ったときには入れるものを全部入れてあとでそれを抜いていくっていう作業をしてたんです中略で逆に今回のほうは太鼓類がずっと入りっぱなしで生のストリングスがワーッと入ってくるやかましいのにしたんですよ笑
133,YAMIJYO563,闇を抱えた女子大生。言ってスッキリ、それが一番大事。,またまた先週から0.1kgしか減っていないのには理由がありまして、、2泊3日で金沢へ旅行へ行っておりまして、、とんでもないカロリーを3日間摂取したので、旅行の次の日から今日までで体重が変化しなかったのです,闇を抱えた女子大生言ってスッキリそれが一番大事,またまた先週からしか減っていないのには理由がありまして泊日で金沢へ旅行へ行っておりましてとんでもないカロリーを日間摂取したので旅行の次の日から今日までで体重が変化しなかったのです
134,Mi_xx1121,2016年9月産まれ女の子の三十路ママ😌ぼやき自己満ツイートです☀️ワンオペ育児からの職場復帰ワーママ👩🏻‍💻くま🐻ディズニー🏰漫画📚好き❣️副業お断り🙅プロフ画→@saaaaaaaaaaaackさん作画💕,旅行したいよーーーーーーーー,年月産まれ女の子の三十路ママぼやき自己満ツイートですワンオペ育児からの職場復帰ワーママくまディズニー漫画好き副業お断りプロフ画さん作画,旅行したいよーーーーーーーー
135,mochimocching,夏バテおじさん,きっと世界旅行✈️できどやまちゃん同じコマにいる…！と同じ感覚にさせてくれる事をぼんやり思ってゐます(？？？？？？？？？？,夏バテおじさん,きっと世界旅行できどやまちゃん同じコマにいると同じ感覚にさせてくれる事をぼんやり思ってゐます
136,under_tikatai,表垢3-7-30 chunicoder虹(highest15.75),旅行、体力とメンタルが死ぬので今後一生行きたくない,表垢虹,旅行体力とメンタルが死ぬので今後一生行きたくない
137,tt8lb21,傷ついて そしてつまずいて 涙流して 人は大人になれる Still I love you never fade. 元ブルーウェーブ、現ベイスターズファン、ギラヴァンツ北九州サポ。FC TIAMO枚方も。YAMAHAとサッポロビール信者。Janne Da Arc解散の傷が癒えないちゅーりっぷ王国民,真夏の18きっぷ旅行に伴う、東海道線or草津線、関西本線の山の中ときれいな川と開けた大自然が見られないのとても残念,傷ついてそしてつまずいて涙流して人は大人になれる元ブルーウェーブ現ベイスターズファンギラヴァンツ北九州サポ枚方もとサッポロビール信者解散の傷が癒えないちゅーりっぷ王国民,真夏のきっぷ旅行に伴う東海道線草津線関西本線の山の中ときれいな川と開けた大自然が見られないのとても残念
138,chanmidochan,みどちと申します。趣味を全力で楽しむ30代。 AEAJアロマテラピーアドバイザー/ APAJアロマパルファニスト。アロマ調香師。2020年7月より「推しイメージ香水」のオーダースタートします！オーダーメイドで推しイメージのルームスプレーも作っています。インスタもやっております📸,旅行者と思われるのも怖いし、精油の守りがいつもより薄いのでそれも怖い！！,みどちと申します趣味を全力で楽しむ代アロマテラピーアドバイザーアロマパルファニストアロマ調香師年月より推しイメージ香水のオーダースタートしますオーダーメイドで推しイメージのルームスプレーも作っていますインスタもやっております,旅行者と思われるのも怖いし精油の守りがいつもより薄いのでそれも怖い
139,kaosuw,アホらしいクソみてえな世の中に指す一筋の光,"土　休み
日　飲み
月　飲み
火　ツーリング
水　旅行
木　旅行
金　BBQ、カラオケ
土　フットサル、BBQ
日　ツーリング

今回の盆休み忙しいな
土曜しか休みなかったー",アホらしいクソみてえな世の中に指す一筋の光,土休み日飲み月飲み火ツーリング水旅行木旅行金カラオケ土フットサル日ツーリング今回の盆休み忙しいな土曜しか休みなかったー
140,_hyor123,二荀と彧受と尿意と戦う推しが好き 🔞 ▼成人済腐 ▼すけべ垢:@hoshi_ika_,旅行は,二荀と彧受と尿意と戦う推しが好き成人済腐すけべ垢,旅行は
141,siachan_yaseru,食べることは人生 世界の美味いもん食い尽くしたい                                                                ろっくばんどがすき　BUMP OF CHICKENで回ってるよ💯,ど田舎の私がこんなにも遊ぶの我慢してほとんどバイトでしか移動してないのに、案外東京とか関西とか感染拡大地域の人たちは旅行やらキャンプやらカフェ巡りやらしているのを見るとなんかなぁ、何とも言えない気持ちになるなぁ、まあ感染が怖いからあんまり遊びたくもないけど、,食べることは人生世界の美味いもん食い尽くしたいろっくばんどがすきで回ってるよ,ど田舎の私がこんなにも遊ぶの我慢してほとんどバイトでしか移動してないのに案外東京とか関西とか感染拡大地域の人たちは旅行やらキャンプやらカフェ巡りやらしているのを見るとなんかなぁ何とも言えない気持ちになるなぁまあ感染が怖いからあんまり遊びたくもないけど
142,Niconico123v,ヲタ活ではよく笑ってても、仕事ではよく病みます。コロナふざけんなよ👊 男だけどマイメロ好き🐰 👾🌙🐼😈👼🧚‍♂️🐹,"この夏休みは

コロナのせいで遠征や旅行に行けなかった😭

でも

推し事現場の選択肢が新たに増えた😃

あと
マイメロのぴょこぴょこ直った🐰",ヲタ活ではよく笑ってても仕事ではよく病みますコロナふざけんなよ男だけどマイメロ好き,この夏休みはコロナのせいで遠征や旅行に行けなかったでも推し事現場の選択肢が新たに増えたあとマイメロのぴょこぴょこ直った
143,exxxploree,休学してカウチサーフィンでバックパッカーしました/お土産文化、観光まちづくり、景観と人類学/ASEAN+3TYS'19派遣 /タスマニア留学/↓旅のブログと写真ポートフォリオ,"✍️旅行回数が多ければトラベルスキルが高いという量的相関関係は弱い。
✍️どんな旅行でどんな経験をしたのかが重要。",休学してカウチサーフィンでバックパッカーしましたお土産文化観光まちづくり景観と人類学派遣タスマニア留学旅のブログと写真ポートフォリオ,旅行回数が多ければトラベルスキルが高いという量的相関関係は弱いどんな旅行でどんな経験をしたのかが重要
144,moyasituitta,つらい,旅行行きて〜〜〜😭,つらい,旅行行きて
145,karich_JP,かり ち です。#パンT の人です。シルクスクリーンで変なTシャツをよく作ります。漫画もたまに描きます。【かりちお助けリスト】https://t.co/IziY0YtxyA,関西旅行したいんだ✈️,かりちですパンの人ですシルクスクリーンで変なシャツをよく作ります漫画もたまに描きますかりちお助けリスト,関西旅行したいんだ
146,karin34sk,最近、三代目JSBにハマりました。山下健二郎推し。  成人済み社会人。ゴ民。のぜ部部員 Gero／SHiN／ SLH(YUMAさん推し)／三人称／牛沢 ／龍が如く がお好き。抜毛症患者。下記のブログに詳細掲載 抜毛症、メンタルサポートアカウント作りました@kani34m,うちも一人旅行すりゃあよかったなあ〜,最近三代目にハマりました山下健二郎推し成人済み社会人ゴ民のぜ部部員さん推し三人称牛沢龍が如くがお好き抜毛症患者下記のブログに詳細掲載抜毛症メンタルサポートアカウント作りました,うちも一人旅行すりゃあよかったなあ
147,saho7bn,沙穂（@saho_rsa）のサブ垢／好きなことを好きにつぶやくアカウント／鬼滅無左固定、義右（ほぼ）固定／イラストの進歩あげていきます,パソコン買って液タブ買ってデジタルでお絵描きしたいしアナログもっと上手くなりたいし展示参加したいしイベントも参加したいし音楽もやりたいしユーチューブなんかもやってみたいし料理も上手くなりたいし旅行もたくさん行きたいし着物着たいしユーフォ吹きたいし茶道続けたいし友達とずっと仲良しで,沙穂のサブ垢好きなことを好きにつぶやくアカウント鬼滅無左固義右ほぼ固イラストの進歩あげていきます,パソコン買って液タブ買ってデジタルでお絵描きしたいしアナログもっと上手くなりたいし展示参加したいしイベントも参加したいし音楽もやりたいしユーチューブなんかもやってみたいし料理も上手くなりたいし旅行もたくさん行きたいし着物着たいしユーフォ吹きたいし茶道続けたいし友達とずっと仲良しで
148,Miichan_Gaming,主にあつ森 スプラ ヒロアカ 美容 爬虫類等の趣味垢。日常も呟きます。下手くそな絵も描きます(* 'ᵕ' )SwitchのAPEX待機勢！,温泉旅行行きてぇぇえ〜,主にあつ森スプラヒロアカ美容爬虫類等の趣味垢日常も呟きます下手くそな絵も描きますの待機勢,温泉旅行行きてぇぇえ
149,showaretoro,"雑食垢です。詳しくはツイフィをご覧ください。
https://t.co/84if7Isggf","&gt;RT
仲間がいた(ニッコリ)旅行先のスーパーやデパ地下、商店街のお店でぶらぶら買い物するのが大好き。
日本が均一化なんて言われてますが地元の日常が観光客から見れば非日常、珍しい食材や料理やお菓子とかあるんですよね",雑食垢です詳しくはツイフィをご覧ください,仲間がいたニッコリ旅行先のスーパーやデパ地下商店街のお店でぶらぶら買い物するのが大好き日本が均一化なんて言われてますが地元の日常が観光客から見れば非日常珍しい食材や料理やお菓子とかあるんですよね
150,sikura_s2020,主にらくがき投下用の壁打ち垢/ 成人済腐なのでご注意を/今んとこFGO/ディルフィン好き(フィン受け増えろ)/文字書くのも好き/呟き雑多/FBRはご自由に〜お絵かきがんばる〜_(┐「ε:)_,ちびりだから海外旅行に行く勇気ないんだけど、行ってみたい気持ちはあるんだよなぁ,主にらくがき投下用の壁打ち垢成人済腐なのでご注意を今んとこディルフィン好きフィン受け増えろ文字書くのも好き呟き雑多はご自由にお絵かきがんばる┐ε,ちびりだから海外旅行に行く勇気ないんだけど行ってみたい気持ちはあるんだよなぁ
151,pastoma3,✿❀近畿住み。🇱🇹に留学（2019.8〜2020.7） age20↑ 好きなジャンル多数（ツイフィ参照）/水彩色鉛筆/English◯ R18→@pastoma00,友達が部屋の壁にわたしらが旅行先で撮った写真を印刷して貼ってくれてて嬉しくなっちゃうな,近畿住みに留学好きなジャンル多数ツイフィ参照水彩色鉛筆,友達が部屋の壁にわたしらが旅行先で撮った写真を印刷して貼ってくれてて嬉しくなっちゃうな
152,mamisuke0601,"プロの中のアマチュア精神に尊敬の念。
20期生。桜坂周辺から
東北応援シートで完全沼落
浜11〜15,16聖女,17,18,19限定
50祭2/6
25'稲佐山29.30
25大祭
 2018'
TOUR 広島.福岡
🍀フォロー際はひと言お願いいたします
【挨拶してもない方はブロックさせて頂きます🙇】","祖父と孫で唯一
ハワイに旅行に同行したな
パールハーバー
遊覧クルーズした時、
祖父と同行した方は
音楽に合わせてアロハシャツで
バンドに合わせて踊っていた…
けれど
祖父は、ただ暗い何も見えない…
海を
ただただ…じーと最後まで見ていた…な…",プロの中のアマチュア精神に尊敬の念期生桜坂周辺から東北応援シートで完全沼落浜聖女限祭稲佐山大祭広島福岡フォロー際はひと言お願いいたします挨拶してもない方はブロックさせて頂きます,祖父と孫で唯一ハワイに旅行に同行したなパールハーバー遊覧クルーズした時祖父と同行した方は音楽に合わせてアロハシャツでバンドに合わせて踊っていたけれど祖父はただ暗い何も見えない海をただただじーと最後まで見ていたな
153,hiyoko_h_oO,2020.6.10 START！！ ただの限界ヲタクが推しの女になるためにダイエットを頑張る垢。 ヲタクだって可愛くなりたいんだよ！！ ※MAX 159cm 79.3kg →現在 74.5kg,"尊3で旅行行くまでになんとか70kgきりたい…

最近ストレスで食べてばっかいたから絶対体重増えてるんだよ😭",ただの限界ヲタクが推しの女になるためにダイエットを頑張る垢ヲタクだって可愛くなりたいんだよ現在,尊で旅行行くまでになんとかきりたい最近ストレスで食べてばっかいたから絶対体重増えてるんだよ
154,rindou_sousaku,りんどーのTRPG＆創作アカウント 交流大歓迎～～らくがきでもなんでもご自由に使ってくれると嬉しいです。ｾｯｼｮﾝしたい!!ｼｽﾃﾑ：CoC、inS、DLH、DX。ﾂｰﾙ：Skype、Discord　自鯖あり〼 ｺｺﾌｫﾘｱ始めました　コスアカ分離中。創作関連のﾋﾟﾝｸなｱｶｳﾝﾄ@rindou_58　,"蛍子の時話してたオフセ旅行したい...一棟貸しのとこ皆で泊まって潰れた人から寝落ちしてくスタイルが出来るのとか最高なんだよな
飲酒白物語とかしたらご愉快では？",りんどーの創作アカウント交流大歓迎らくがきでもなんでもご自由に使ってくれると嬉しいですセッションしたいシステムツール自鯖あり〼ココフォリア始めましたコスアカ分離中創作関連のピンクなアカウント,蛍子の時話してたオフセ旅行したい一棟貸しのとこ皆で泊まって潰れた人から寝落ちしてくスタイルが出来るのとか最高なんだよな飲酒白物語とかしたらご愉快では
155,bnbnbn_msms,12/19 女の子ベビー出産👶 スタマイ(桧山貴臣さん♡),見ちゃった私も悪いけど、あの旅行をそんなことあったね、懐かしいね、で終わらせてくれないんだね。旅行の上書きするのはいいけど、それをわざわざ書く必要はないと思う。心の中で、それか会話の中で終わらせるべきではないかな。私の中では折り合いつけて、相互フォローしてるわけだし、→,女の子ベビー出産スタマイ桧山貴臣さん,見ちゃった私も悪いけどあの旅行をそんなことあったね懐かしいねで終わらせてくれないんだね旅行の上書きするのはいいけどそれをわざわざ書く必要はないと思う心の中でそれか会話の中で終わらせるべきではないかな私の中では折り合いつけて相互フォローしてるわけだし
156,ogawan_97,「いぬすけ」 OSTER project廃 aiko #imas_PB デレ🍳💄🥝🎨シャニ❄️😈🍔 料理、お酒、自転車、お風呂、Finaleが趣味です 𝑺𝑵𝑶𝑾 𝑭𝑳𝑨𝑲𝑬𝑺 𝑴𝑬𝑴𝑶𝑹𝑰𝑬𝑺,18きっぷ1泊旅行したいけどあまり長距離を移動するとケツが死ぬのでほどほどの距離で考えたい　となるとやっぱ関西圏かなあ,いぬすけ廃デレシャニ料理お酒自転車お風呂が趣味です,きっぷ泊旅行したいけどあまり長距離を移動するとケツが死ぬのでほどほどの距離で考えたいとなるとやっぱ関西圏かなあ
157,Lynx_rai,高級メンズエステ ♡ Lynx~リンクス~ ♡のセラピスト『 望月らい 』です🦋🤍少しでも気になったらわたしに会いに来てね？？👀✨お問い合わせはDMかこちらまでお願いします♪♪TEL:0359501115 ☎️,"まんぷく90 N様 
私のお客様第1号また会いに来てくれた😳❤️早くコロナ治まって旅行行けるといいね😢旅行話はやく聞きたい、、

よいどん70 T様
やっぱり反応かわいいし、いい匂い！！そして優男すぎる、、もっと出勤増やして会える日多くなるように頑張るね🥺",高級メンズエステリンクスのセラピスト望月らいです少しでも気になったらわたしに会いに来てねお問い合わせはかこちらまでお願いします,まんぷく様私のお客様第号また会いに来てくれた早くコロナ治まって旅行行けるといいね旅行話はやく聞きたいよいどん様やっぱり反応かわいいしいい匂いそして優男すぎるもっと出勤増やして会える日多くなるように頑張るね
158,rrisa_820_m,何とか人です,"飛騨高山旅行してくるの楽しみだけど
準備がダルすぎるな",何とか人です,飛騨高山旅行してくるの楽しみだけど準備がダルすぎるな
159,KuuuGa111,"日韓夫婦👨👩👦👶
福岡→韓国在住
日韓カップル夫婦と仲良くなりたい🇰🇷","今日から旅行だーーーー
毎週土日どっか行ってるわ😂😂
旦那の会社の人夫婦も外国人夫婦で子供が息子と変わらんくらいで年は離れてるけどいつもよくしてくれる！たがら気使わなくていいから旅行とか行こうと思える☺️",日韓夫婦福岡韓国在住日韓カップル夫婦と仲良くなりたい,今日から旅行だーーーー毎週土日どっか行ってるわ旦那の会社の人夫婦も外国人夫婦で子供が息子と変わらんくらいで年は離れてるけどいつもよくしてくれるたがら気使わなくていいから旅行とか行こうと思える
160,3JW0KmRy7Y44HVB,"鉄道用アカウント
連絡乗車券を好む","第32条当社が、特に必要と認める場合は、旅行目的地を限定して特殊普通乗車券を発売することがある

これは何だろう？",鉄道用アカウント連絡乗車券を好む,第条当社が特に必要と認める場合は旅行目的地を限して特殊普通乗車券を発売することがあるこれは何だろう
161,0830_max,東方神起のチャンミンが大好きです。ユノとチャンミンの東方神起を応援しています。 #MAX #최강창민 #MAX_Chocolate,"旅行いきたいな。
そして
美味しいご飯
頂きたい。

沢山でるご飯とか
嬉しいかぎり。

いままでできてたことが
またできる
世の中になってほしいな。",東方神起のチャンミンが大好きですユノとチャンミンの東方神起を応援しています최강창민,旅行いきたいなそして美味しいご飯頂きたい沢山でるご飯とか嬉しいかぎりいままでできてたことがまたできる世の中になってほしいな
162,REALdream323,こんこんきーつね！L19のこんこんだよー！木工用ボンドは釘を一切使用しない日本の伝統工芸品だよ！ 最推しのぶいちゅっばは野良猫なんだよねーふふん♪,"僕もうコロナぐらいかかってもいいかなって思い始めてる
感染確認5万人のうちすでに3万人は回復してるんやで？
日本での死者約1000人の八割は80代なんやで？
じゃあ僕ら関係ないやん！！
「コロナが終わったら旅行しような」
←コロナが終わる頃には自由のない社会人だよ！
もうヤダよ。何だこの夏休み",こんこんきーつねのこんこんだよー木工用ボンドは釘を一切使用しない日本の伝統工芸品だよ最推しのぶいちゅっばは野良猫なんだよねーふふん,僕もうコロナぐらいかかってもいいかなって思い始めてる感染確認万人のうちすでに万人は回復してるんやで日本での死者約人の八割は代なんやでじゃあ僕ら関係ないやんコロナが終わったら旅行しようなコロナが終わる頃には自由のない社会人だよもうヤダよ何だこの夏休み
163,000826__d,ポルノグラフィティ┆ love up! ┆ 92ers ┆多趣味┆マシンガンツイート┆ポ以外の無駄ツイート多┆無言フォロー◎ Please call me おでん！,わたしモーニング好きなんだよね…今度朝ごはんのために早起きしてどこか巡りたい🥺🥺🥺旅行とか行く時も朝ご飯豪華だとしぬほどテンションあがる🥺🥺🥺朝ご飯好き🥺🥺🥺,ポルノグラフィティ┆┆┆多趣味┆マシンガンツイート┆ポ以外の無駄ツイート多┆無言フォローおでん,わたしモーニング好きなんだよね今度朝ごはんのために早起きしてどこか巡りたい旅行とか行く時も朝ご飯豪華だとしぬほどテンションあがる朝ご飯好き
164,HiromuraCYNG787,"東大経済4年・飛行機・旅行・(坂道)YouTuber /

【 ✈📹動画は週3回～・18時公開📹✈ 】


HND, NRTベース/⊿乃木坂46(特に：鈴木絢音・梅澤美波・山下美月・久保史緒里・4期生)/⊿日向坂46(特に：加藤史帆・丹生明里・上村ひなの・齊藤京子)

【✈↓You Tubeチャンネルはこちら！✈】","旅行や乗り物が目の敵にされ、感染自体を過剰に騒ぎ立てるし、あまつさえ感染の因果関係のこじつけに使われている。

もっと乗り物ファンや旅行好きは抗議していいと思う。",東大経済年飛行機旅行坂道動画は週回時公開ベース⊿乃木坂特に鈴木絢音梅澤美波山下美月久保史緒里期生⊿日向坂特に加藤史帆丹生明里上村ひなの齊藤京子チャンネルはこちら,旅行や乗り物が目の敵にされ感染自体を過剰に騒ぎ立てるしあまつさえ感染の因果関係のこじつけに使われているもっと乗り物ファンや旅行好きは抗議していいと思う
165,nobosan777,旅好き、写真好き、歴史好き かっての若者も歳を重ねて老齢期に、皆んなお手てつないで通う道、我が「生きし道」を。 若さは過去、老いは将来では今は、そう常に「輝ける時」。,"繰り返し「100分率数値」の曖昧さ。

「お盆帰省しない人が7割」という。
「平常時」は10割が「民族大移動」してるんだ！！

「お盆帰省」、「夏休みの家族旅行」、「普段からの往来」なのか？
両親のところへ孫2人連れて帰れば帰省対象は6人なのか？

最近はわからない「数値」だらけよ！！",旅好き写真好き歴史好きかっての若者も歳を重ねて老齢期に皆んなお手てつないで通う道我が生きし道を若さは過去老いは将来では今はそう常に輝ける時,繰り返し分率数値の曖昧さお盆帰省しない人が割という平常時は割が民族大移動してるんだお盆帰省夏休みの家族旅行普段からの往来なのか両親のところへ孫人連れて帰れば帰省対象は人なのか最近はわからない数値だらけよ
166,yuruedo,音フェチ 最近釣りにハマってる 地元の渓流と茨城県で海釣り ヒラメ釣った,"俺がいたから仕事休んで旅行とか行けたんじゃないのかよ。
ケータリングも始められたんじゃないのかよ。
株式にもなったんじゃないのかよ。
それを全部否定するなよ。",音フェチ最近釣りにハマってる地元の渓流と茨城県で海釣りヒラメ釣った,俺がいたから仕事休んで旅行とか行けたんじゃないのかよケータリングも始められたんじゃないのかよ株式にもなったんじゃないのかよそれを全部否するなよ
167,korokoro_goma,アニメ、漫画→ジョジョ.遊戯王.特撮,"これからぷち旅行行くけど
行く前に髪切るか悩むな…絶対失敗したぁってなるのが目に見えてる",アニメ漫画ジョジョ遊戯王特撮,これからぷち旅行行くけど行く前に髪切るか悩むな絶対失敗したぁってなるのが目に見えてる
168,mak_K_boc_durm,#BUMPOFCHICKEN 9 #コナン#夜勤族#ゲーマー#本田翼#初心者ﾄﾞﾗﾏｰ #升秀夫に憧れる#Roselia# 上手くなったらアニメバンドしてみたい APEXくそ下手でもやってます。,"会社の後輩が休みに「北海道行ってきました。大阪の方が危険やし避難ですね」って言ってるの聞いてこういう奴いてるから沖縄が大変なことなってるんやなと思ってしまった。
旅行が悪いし行くなとは言わんのやけど‥",コナン夜勤族ゲーマー本田翼初心者ドラマー升秀夫に憧れる上手くなったらアニメバンドしてみたいくそ下手でもやってます,会社の後輩が休みに北海道行ってきました大阪の方が危険やし避難ですねって言ってるの聞いてこういう奴いてるから沖縄が大変なことなってるんやなと思ってしまった旅行が悪いし行くなとは言わんのやけど
169,Cmkjk078K,うる星やつら、宇宙戦艦ヤマト、銀河英雄伝説、銀河鉄道９９９、ガンダム、ゴジラ、ガメラ、ハリーポッター、クラッシャージョウ、ダーティーペア、好きです。,ジェット旅客機に乗って旅行したこともあります。北海道沖縄東北に旅行したこともあります。東北に旅行した時は新幹線と観光バスにものりました。十和田湖の遊覧船にも乗りました。海の遊覧船にも乗りました。ジェット旅客機に乗って旅行したこともあります。,うる星やつら宇宙戦艦ヤマト銀河英雄伝説銀河鉄道ガンダムゴジラガメラハリーポッタークラッシャージョウダーティーペア好きです,ジェット旅客機に乗って旅行したこともあります北海道沖縄東北に旅行したこともあります東北に旅行した時は新幹線と観光バスにものりました十和田湖の遊覧船にも乗りました海の遊覧船にも乗りましたジェット旅客機に乗って旅行したこともあります
170,xan8,"「フェラの前には必ずイソジン💜」
産地直送とれたて元気★5時までは丸の内で普通のOL、30分後には新宿で若い男の童貞喰らい
生やそう草を❤なめよう男を❤ YoutubeでbeatmaniaIIDXの偏った“ナウ”をお届け♪  https://t.co/v5NfLFVxUU",道外旅行もたっぷり行きまくりたいんだけどイケメンセックス確約じゃないとどうも行く気になれないのわ。逆にイケメンセックス確約なら四国以外なら行ける気がするわ,フェラの前には必ずイソジン産地直送とれたて元気時までは丸の内で普通の分後には新宿で若い男の童貞喰らい生やそう草をなめよう男をでの偏ったナウをお届け,道外旅行もたっぷり行きまくりたいんだけどイケメンセックス確約じゃないとどうも行く気になれないのわ逆にイケメンセックス確約なら四国以外なら行ける気がするわ
171,X_x_KEY_x_X,それでも私は呟きたい,旅行自慢してくる人とっととコロナ掛かってくれないかな,それでも私は呟きたい,旅行自慢してくる人とっととコロナ掛かってくれないかな
172,WOWOWo__10NMY,❤️@ruria_3333 えをかきます　依頼,旅行から帰ってきたらタグやります,えをかきます依頼,旅行から帰ってきたらタグやります
173,nekoze_ho,シンデレラメインのPで仁奈ちゃん薫ちゃんP+久川姉妹。ナナシス武道館から追い始めました。主にアイマスのＲＴがめちゃんこ多いです。ﾌｫﾛﾘﾑﾘﾌｫﾛｰ自由きまぐれにしますのでﾌｫﾛは勿論ﾘﾑもお気楽にして下さい。／SW-3431-9215-3918／イカ用垢@nekoze_ika,K島大先生のロシア旅行記が届きほんと気持ちだけのboostでSSR金の紙を頂いてしまいまして卓上に飾ってQoLが爆上がりしていますありがとうございます！,シンデレラメインので仁奈ちゃん薫ちゃん久川姉妹ナナシス武道館から追い始めました主にアイマスのがめちゃんこ多いですフォロリムリフォロー自由きまぐれにしますのでフォロは勿論リムもお気楽にして下さいイカ用垢,島大先生のロシア旅行記が届きほんと気持ちだけので金の紙を頂いてしまいまして卓上に飾ってが爆上がりしていますありがとうございます
174,levandov_ski,"Web Designerの端くれ。音楽鑑賞(洋楽や邦ロ)、歴史全般(特に戦国)、アニメ、模型製作(ガンプラ・艦船模型)が好きです。
アズレン・艦これ・FGO・グラブルやってます。
無言フォローすいません。
ガンスタに作品を載せてます(下記URL)","コロナが落ち着いたら後輩くんとプチ旅行に行きたいし、旧友と飲みに行きたい。

その楽しみのために今自粛して仕事を頑張ってるようなもんだな。",の端くれ音楽鑑賞洋楽や邦ロ歴史全般特に戦国アニメ模型製作ガンプラ艦船模型が好きですアズレン艦これグラブルやってます無言フォローすいませんガンスタに作品を載せてます下記,コロナが落ち着いたら後輩くんとプチ旅行に行きたいし旧友と飲みに行きたいその楽しみのために今自粛して仕事を頑張ってるようなもんだな
175,popo666i,たまに絵を描くゲーム好きです #鼓笛ノ交響楽団 聴覚保護旋律をすこる会代表 スクショでゲーム楽しんでます おきなわ部はいいぞ(推しはししごん) ACE7 ユーロファイター乗り,月末の旅行が家族の訪問によって潰された🥺,たまに絵を描くゲーム好きです鼓笛ノ交響楽団聴覚保護旋律をすこる会代表スクショでゲーム楽しんでますおきなわ部はいいぞ推しはししごんユーロファイター乗り,月末の旅行が家族の訪問によって潰された
176,ac89l84yo6ofn,裏垢さん絡んでください🤡見せ合いしよー💙⭐️LINEきて⤵️🍀,"今年って旅行行けるのかなー？
のんびりして、現地の美味しい物いっぱい食べたい♪
候補地は山口県かなー？

今からお風呂♪",裏垢さん絡んでください見せ合いしよーきて,今年って旅行行けるのかなーのんびりして現地の美味しい物いっぱい食べたい候補地は山口県かなー今からお風呂
177,w32nex8njluyo,裏垢女子の自撮りアカです👩えちえちな絡みして欲しい⭐️LINE追加よろしく👇👇👇,"今年って旅行行けるのかなー？
のんびりして、現地の美味しい物いっぱい食べたい♪
候補地は鹿児島県かなー？

どっちでもいいよはやめてね？

おなにー♪",裏垢女子の自撮りアカですえちえちな絡みして欲しい追加よろしく,今年って旅行行けるのかなーのんびりして現地の美味しい物いっぱい食べたい候補地は鹿児島県かなーどっちでもいいよはやめてねおなにー
178,kaepa1,"僕が名言だと思ったことを呟きます。botです。
いくつかはあるが、全て俺が言った訳じゃないからな！！",おれチ○コビンタしたよ（旅行から帰ってきたニートが）,僕が名言だと思ったことを呟きますですいくつかはあるが全て俺が言った訳じゃないからな,おれチコビンタしたよ旅行から帰ってきたニートが
179,cutebeat,音楽、海外ミュージカルが大好きです。あとフィルムカメラと旅行。あとMac。あと少しゲーム。  おっさんずラブからのチームナックスにハマりつつあります。 お仲間募集ー！おしゃべりしましょー,"9月の金沢旅行と、9月のコンサート4チケ分返金…

あぁ、お金持ちになれるなぁ…(´；ω；`) ﾌﾞﾜｯ",音楽海外ミュージカルが大好きですあとフィルムカメラと旅行あとあと少しゲームおっさんずラブからのチームナックスにハマりつつありますお仲間募集ーおしゃべりしましょー,月の金沢旅行と月のコンサートチケ分返金あぁお金持ちになれるなぁブワッ
180,hdemu,79歳。老妻と二人で年金暮らし。孫が来るのが楽しみ。アイコンは定期的に変更していますのであしからず。貧困と差別の解消を！反原発！DMお断り,娘の家族がGo Toトラベルを利用して一泊旅行し、お土産にブドウを持参してきた。土産のブドウは小粒だが、甘くて美味しかった。普通ならブドウ狩りで賑わうらしいが、今は店頭で安売りしているらしい。農家も大変だ。作れば作るほど赤字になる時代もあったなあ。,歳老妻と二人で年金暮らし孫が来るのが楽しみアイコンは期的に変更していますのであしからず貧困と差別の解消を反原発お断り,娘の家族がトラベルを利用して一泊旅行しお土産にブドウを持参してきた土産のブドウは小粒だが甘くて美味しかった普通ならブドウ狩りで賑わうらしいが今は店頭で安売りしているらしい農家も大変だ作れば作るほど赤字になる時代もあったなあ
181,patimo73,ぴよぴよ。 本垢わかんなくなったので、とりあえず。 元東女洋研/pacers🏀/謎解き/懐かしの女児アニメ 等 吉祥寺のまりやをこよなく愛しています。 @mariya195510ただひたすら推しがかわいい。,旅行いけない分、東京のプチ贅沢旅館(星のや)に宿泊することが決定しテンション🔥,ぴよぴよ本垢わかんなくなったのでとりあえず元東女洋研謎解き懐かしの女児アニメ等吉祥寺のまりやをこよなく愛していますただひたすら推しがかわいい,旅行いけない分東京のプチ贅沢旅館星のやに宿泊することが決しテンション
182,hanpen_san6,惚気メモ🐾 20代後半同い年。日中カップル🇨🇳🇯🇵秋には夫婦になる予定です🐼 色んな方々の惚気を見てたら楽しくなって初めてみました。 フォローお気軽にどうぞ〜！,このご時世だし今年はお互いの誕生日をあんまり盛大にお祝い出来なかったな〜来年は旅行とか出来たらいいな,惚気メモ代後半同い年日中カップル秋には夫婦になる予です色んな方々の惚気を見てたら楽しくなって初めてみましたフォローお気軽にどうぞ,このご時世だし今年はお互いの誕生日をあんまり盛大にお祝い出来なかったな来年は旅行とか出来たらいいな
183,ipeko3,仕上がりに近づいている。,海外旅行に飢えてるから夢の中でベラルーシに旅行してきた。あー楽しかった。,仕上がりに近づいている,海外旅行に飢えてるから夢の中でベラルーシに旅行してきたあー楽しかった
184,kin0pira_G,20↑🍪🏃🥛🍠中心雑食、絵を描くオタクです。ゲームが好き。https://t.co/cPvT0k6LNQ,いいなぁ……私も旅行したいょ………………海行きたい………………でも今年はもう……ハロもないし…………うにばも行けんし…………………………俺はもう………………ただの社畜……………………あぁ,中心雑食絵を描くオタクですゲームが好き,いいなぁ私も旅行したいょ海行きたいでも今年はもうハロもないしうにばも行けんし俺はもうただの社畜あぁ
185,kyaramori,瀬戸内を愛しゴリ推す広島県民 in 尾道。物語愛に人一倍自負を持つわり消化能力は人一倍低いヘタレ。ドクター・フー、科学ＡＤＶ愛。今期はMIU404とノイエ銀英伝とフルバ視聴。ダイ大やワートリ二期を待ってる。 https://t.co/hYNXCpo0tK,と、広島県観光オタの広島県民が申しております。広島の旅行についてお考えの際は幾らでもご相談ください(無償ときどきアッシー)。海側についてはそんじょそこらの人間には劣らぬ自信がございます。,瀬戸内を愛しゴリ推す広島県民尾道物語愛に人一倍自負を持つわり消化能力は人一倍低いヘタレドクターフー科学愛今期はとノイエ銀英伝とフルバ視聴ダイ大やワートリ二期を待ってる,と広島県観光オタの広島県民が申しております広島の旅行についてお考えの際は幾らでもご相談ください無償ときどきアッシー海側についてはそんじょそこらの人間には劣らぬ自信がございます
186,chanyeol___chan,パルプンテ！！,タレが美味い唐揚げたべたい旅行先で,パルプンテ,タレが美味い唐揚げたべたい旅行先で
187,cheese00holiday,"ウォレスとグルミットチーズホリデーの台詞を丸暗記してしまった廃人bot
ミスは指摘を",なかなかいい休暇旅行だった,ウォレスとグルミットチーズホリデーの台詞を丸暗記してしまった廃人ミスは指摘を,なかなかいい休暇旅行だった
188,onegai_pochacco,"男は絡まないでください
ヲタク関連もツイートします、精油と㊻",関東に住んでると静岡とか高速3､4時間だからお手軽だしそれなりに旅行感出る距離だしいいよね,男は絡まないでくださいヲタク関連もツイートします精油と,関東に住んでると静岡とか高速時間だからお手軽だしそれなりに旅行感出る距離だしいいよね
189,12_nosuke,お絵描き用!!!!日常のことも呟くぜ👍(最近はあつ森多め！) 麗苑(休止中)の中の人！ ペアアイコンは相棒と(@na3inic),マイル旅行券の印刷まじでめんどくさい,お絵描き用日常のことも呟くぜ最近はあつ森多め麗苑休止中の中の人ペアアイコンは相棒と,マイル旅行券の印刷まじでめんどくさい
190,kaorinsxxx,X JAPAN🌹SOPHIA🌻MICHAEL🦋LUNA SEA🌙L'Arc~en~Ciel🌈LM.C🐰vistlip🐼DaizyStripper🐇REIGN🐻ダウト👹LIVE🎼Disney1年生🐣 16.2.3YOSHIKI様/17.11.25SUGIZO様/18.6.27ToshI様FB❤️,"HYDEとパンケーキ🥞食べてる夢見た🤤
はぁ…お友達とパンケーキ行きたいしディズニー行きたいしLIVE行きたいし遠征したいし旅行したいしお泊り行きたいし…早く平和な世界に戻って😭",ダウト年生様様様,とパンケーキ食べてる夢見たはぁお友達とパンケーキ行きたいしディズニー行きたいし行きたいし遠征したいし旅行したいしお泊り行きたいし早く平和な世界に戻って
191,nishikawacchi,https://t.co/t6TWKgEtXK 「愛ってお金のことなんですよ」 https://t.co/Bou9npQLKp,Ghost of Tsushima、景色良すぎてマジ旅行だわ,愛ってお金のことなんですよ,景色良すぎてマジ旅行だわ
192,Djangology75,"はいさいぐすーよちゅーがなび (  ꒪ͧ ꒳꒪ͧ) ﾗ                                                                         
               ゆたさるぐとぅーうにげーさび (  ꒪ͧ д꒪ͧ) ﾗｯ",沖縄に限った話じゃなくて、旅行とか仕事とか、とりあえず県またいで移動するときは、出発地でＰＣＲやって陰性のひとだけ動けるようにしたほうがええんちゃうの？(´·ω ·｀),はいさいぐすーよちゅーがなび꒪ͧ꒪ͧラゆたさるぐとぅーうにげーさび꒪ͧ꒪ͧラッ,沖縄に限った話じゃなくて旅行とか仕事とかとりあえず県またいで移動するときは出発地でやって陰性のひとだけ動けるようにしたほうがええんちゃうの··
193,jason_want_play,"社会に馴染めた気がします
ジェイソンです。",ジェイソン弾丸旅行で岐阜へ,社会に馴染めた気がしますジェイソンです,ジェイソン弾丸旅行で岐阜へ
194,aoo_chika,あおちか(IQ3でバレーしたい人) 🏐👘🐟,シマブルー行きたくて四万旅行行くことになったけど、結局普通の旅館に行くことになってしまって、そこも温泉が貸切風呂が沢山あって夜も朝も貸切でとても良かった……😭安かったし。また行きたい。温泉行きたい,あおちかでバレーしたい人,シマブルー行きたくて四万旅行行くことになったけど結局普通の旅館に行くことになってしまってそこも温泉が貸切風呂が沢山あって夜も朝も貸切でとても良かった安かったしまた行きたい温泉行きたい
195,wotakunurse917,宮舘王国創立記念病院に勤務してます,ヲタク集めて旅行行きたいなーー😇,宮舘王国創立記念病院に勤務してます,ヲタク集めて旅行行きたいなーー
196,ritspitspar,閲覧・あつ森取引垢,"譲 
つねきち 本物
アカデミックなめいが
いきなめいが
いさましいめいが
おちついためいが
おもしろいめいが
しずみゆくめいが
すてきなめいが
たおやかなめいが
たぐいまれなるめいが
ちからづよいめいが
よくみるめいが

求
サカナのまきエサ×3スタック
or
マイル旅行券×2枚",閲覧あつ森取引垢,譲つねきち本物アカデミックなめいがいきなめいがいさましいめいがおちついためいがおもしろいめいがしずみゆくめいがすてきなめいがたおやかなめいがたぐいまれなるめいがちからづよいめいがよくみるめいが求サカナのまきエサ×スタックマイル旅行券×枚
197,tukichaaan2525,月子さんの雑多垢★2broの御三方が好きすぎる❤️💙💚ハコ推しです！ ホラゲー・FPSゲーム・珈琲・甘いもの好き♡🎮→Divisionのエージェントやハンターでひと狩り、最近Apexもしてます！支部さんで書き物もしてます(*´꒳`*)無言フォロー多めですが、仲良くして頂けると幸せます☆,"フォロワーさんや友達と一緒に温泉旅行行きたいもーにんぐ✈️
朝から旅行番組見ちゃいけなかった_(┐「ε:)_",月子さんの雑多垢の御三方が好きすぎるハコ推しですホラゲーゲーム珈琲甘いもの好きのエージェントやハンターでひと狩り最近もしてます支部さんで書き物もしてます無言フォロー多めですが仲良くして頂けると幸せます,フォロワーさんや友達と一緒に温泉旅行行きたいもーにんぐ朝から旅行番組見ちゃいけなかった┐ε
198,cities_bot,国や街を説明付きでひたすら呟くbotです。,【ホノルル】僕の初めての海外旅行先。アメリカはハワイ州の州都で、言わずと知れた常夏の楽園ハワイの玄関口。ワイキキ・ビーチ、アラ・モアナ・センターなどがある一大観光地でもある。タンタラスの丘から見る夜景は絶景。,国や街を説明付きでひたすら呟くです,ホノルル僕の初めての海外旅行先アメリカはハワイ州の州都で言わずと知れた常夏の楽園ハワイの玄関口ワイキキビーチアラモアナセンターなどがある一大観光地でもあるタンタラスの丘から見る夜景は絶景
199,NoraHamatoNeko,パズドラ（ランク945/908） / 第五（犬/蛇） / スマブラアカウント (°∀°),"仮に旅行行くとしたら何処が良いのだろう
イルミネーションの季節でもねぇしなぁ！！！！",パズドラランク第五犬蛇スマブラアカウント°°,仮に旅行行くとしたら何処が良いのだろうイルミネーションの季節でもねぇしなぁ
200,skd7,主にメイド喫茶（コスプレカフェ&コンカフェ）と秋葉原とオタクその周辺文化。3キャリア公式で秋葉原の情報サイトを企画運営してました。その前は某競馬メディアの副編集長とか。ウェブや北海道、図書館、本屋ネタもあり。「メイドカフェ批評」では巻頭「メイド喫茶、はじめての選び方ーーメイド喫茶ポジショニングマップ」を担当。道産子。,野村総研がオタクの分野として幅広いジャンルを扱ったのは、専門分野に深く入っていくと周辺のジャンルにも手を出すという行動パターンを分析したものだった。例えばアニメ→コスプレ→カメラ→旅行→鉄道のような繋がりを意識したもの。秋葉原の街の形成を見ても確度が高い。,主にメイド喫茶コスプレカフェコンカフェと秋葉原とオタクその周辺文化キャリア公式で秋葉原の情報サイトを企画運営してましたその前は某競馬メディアの副編集長とかウェブや北海道図書館本屋ネタもありメイドカフェ批評では巻頭メイド喫茶はじめての選び方ーーメイド喫茶ポジショニングマップを担当道産子,野村総研がオタクの分野として幅広いジャンルを扱ったのは専門分野に深く入っていくと周辺のジャンルにも手を出すという行動パターンを分析したものだった例えばアニメコスプレカメラ旅行鉄道のような繋がりを意識したもの秋葉原の街の形成を見ても確度が高い
201,Series500_W1_1A,適当に気ままにやってます。 JR西日本/京急/名鉄/京阪/架空鉄道/鉄道むすめ/アズレン/エロゲ/デレステ/声優/ClariS/けいおん!/野球(横浜DeNA・阪神・西武・楽天)/F1(レッドブル・アルファタウリ・ホンダ・フェルスタッペン・ガスリー・クビアト・アルボン),これから14時57分発ののぞみで名古屋行って17時発のひのとりで帰る弾丸旅行を行う,適当に気ままにやってます西日本京急名鉄京阪架空鉄道鉄道むすめアズレンエロゲデレステ声優けいおん野球横浜阪神西武楽天レッドブルアルファタウリホンダフェルスタッペンガスリークビアトアルボン,これから時分発ののぞみで名古屋行って時発のひのとりで帰る弾丸旅行を行う
202,621pon,娘ちゃんの誕生日が7/10なので、【たんじょうびは、なっ島】という名前で無人島ライフしています【あじぽんた】と申します！👏💕ぽんちゃんと呼んで下さい！ みんなと協力しながら楽しみたいです！呟き多目かも？,"【募集】
フォロワーさんで、緑の街頭の島の方いませんか...？
今、4本から6本探しております!!
うちの島の黒の街頭と交換か、
マイル旅行券⇆街頭2本ずつの交換して欲しいです...😭",娘ちゃんの誕生日がなのでたんじょうびはなっ島という名前で無人島ライフしていますあじぽんたと申しますぽんちゃんと呼んで下さいみんなと協力しながら楽しみたいです呟き多目かも,募集フォロワーさんで緑の街頭の島の方いませんか今本から本探しておりますうちの島の黒の街頭と交換かマイル旅行券⇆街頭本ずつの交換して欲しいです
203,sayuruyuru,彼にくっついて移住2年目。パートナービザ(820)取得。日本ではデザインと編集の仕事をしてました。現在は現地就職/フリーランスの両方向で模索中💭 日々の生活のこと、インテリア・日用雑貨についてよく話してます🍑,"新幹線でふらっと旅行したいな〜
駅弁選んで...やっぱり定番の幕の内、紐引っ張ってあっためるタイプも駅弁ならではの体験で楽しい。車内販売でバニラアイスとか買ったり。

日本行くなら家族や友達に会うため東京はマストだけど、のんびり国内旅行もできたらいいな🌿",彼にくっついて移住年目パートナービザ取得日本ではデザインと編集の仕事をしてました現在は現地就職フリーランスの両方向で模索中日々の生活のことインテリア日用雑貨についてよく話してます,新幹線でふらっと旅行したいな駅弁選んでやっぱり番の幕の内紐引っ張ってあっためるタイプも駅弁ならではの体験で楽しい車内販売でバニラアイスとか買ったり日本行くなら家族や友達に会うため東京はマストだけどのんびり国内旅行もできたらいいな
204,seagull_653,自分の思いを吐き捨てる場所,この暑さでも元気に動き回ってるおバイク勢や旅行勢の体力と気力は見習いたい,自分の思いを吐き捨てる場所,この暑さでも元気に動き回ってるおバイク勢や旅行勢の体力と気力は見習いたい
205,DIS126,アトラクションが好きです。,"魔法のものがたり→🥀
ハニーハント→🍯
スモールワールド→🌐
ピノキオの冒険旅行→👺
フィルハーマジック→🎼
ティーパーティー→☕️
キャッスルカルーセル→🎠
フェアリーテイルホール→🏰
白雪姫と7人の小人→🍎
ピーターパン空の旅→⛵️
空飛ぶダンボ→🐘
ホーンテッドマンション→🦇",アトラクションが好きです,魔法のものがたりハニーハントスモールワールドピノキオの冒険旅行フィルハーマジックティーパーティーキャッスルカルーセルフェアリーテイルホール白雪姫と人の小人ピーターパン空の旅空飛ぶダンボホーンテッドマンション
206,quiz375,クイズ・なぞなぞ分かるかな？,観光旅行の費用に含まれている飲み物は？,クイズなぞなぞ分かるかな,観光旅行の費用に含まれている飲み物は
207,ponpok0636,最近はオペオムにお熱してる1児ママです。キャキャウフフ。たくさん絡んでね。基本的に日常ツイも流します。,"旅行行きて〜

なんならぜんぜん知らない人と女旅して〜

人生について語り合いて〜",最近はオペオムにお熱してる児ママですキャキャウフフたくさん絡んでね基本的に日常ツイも流します,旅行行きてなんならぜんぜん知らない人と女旅して人生について語り合いて
208,atsumori_rin_0,20↑主にお取引垢　チャットは不要です🧸,"譲　未鑑定化石65個
求　マイル旅行券10個につき1枚",主にお取引垢チャットは不要です,譲未鑑化石個求マイル旅行券個につき枚
209,rengeso_norimno,航空機の写真は基本的に那覇空港、時たま仙台空港で撮影しています。推し機材は787(JA833A)と767(JA604A)！内容は必ずしも正確とは限りません。航空機や写真が好きな人は気軽にフォローしてください！instgramアカウントも開設しました！航空機はじめ、主に乗り物用のアカウントです。宮城県出身、現在沖縄,"RT
まさにその通りだと思う。感染経路不明が大量にいる状態でほとんど関係ないと言いきれるわけが無い。無症状の人が県外から持ってきていたら、旅行者からの感染数にはならず、感染経路不明になるだけ。
しかもGotoの開始日と発症のタイムラグも考えないといけない。",航空機の写真は基本的に那覇空港時たま仙台空港で撮影しています推し機材はと内容は必ずしも正確とは限りません航空機や写真が好きな人は気軽にフォローしてくださいアカウントも開設しました航空機はじめ主に乗り物用のアカウントです宮城県出身現在沖縄,まさにその通りだと思う感染経路不明が大量にいる状態でほとんど関係ないと言いきれるわけが無い無症状の人が県外から持ってきていたら旅行者からの感染数にはならず感染経路不明になるだけしかもの開始日と発症のタイムラグも考えないといけない
210,yamagata100sen,山形県の日本百選を紹介しています。,蔵王山といえば、山形県の新日本旅行地１００選です。,山形県の日本百選を紹介しています,蔵王山といえば山形県の新日本旅行地選です
211,NKondo_maji,"旭町小-広尾学園-千葉工大 建都卒の漫研OB！アイマスとダクソが生きる糧。リア垢だけど普通にフォローしだした今日この頃。 無言フォローは気分で返します
君主名なるP
三国志大戦初めてからゲーセンに入り浸る毎日
君主の方と仲良くなりたい",墓参り後唐突に旅行いくからと寺に置いてかれたの辛い,旭町小広尾学園千葉工大建都卒の漫研アイマスとダクソが生きる糧リア垢だけど普通にフォローしだした今日この頃無言フォローは気分で返します君主名なる三国志大戦初めてからゲーセンに入り浸る毎日君主の方と仲良くなりたい,墓参り後唐突に旅行いくからと寺に置いてかれたの辛い
212,kanna617,＊ Jr.時代ゆるいお茶の間 ＊ サクラ咲ケ〜 ＊ 相葉雅紀 ✳︎ 嵐／いぎなり東北産が好きな方、ベガルタ仙台サポ 以外の方フォロバしない事多め ＊ 東北産は美海ちゃん激推し ＊ 地元話もつぶやきます,親戚宅に寄らない、純粋なお墓参りでさえ職場に事前届け出必須故、まじで県内さえも出掛けられず。姉も医療系で帰省禁止。県外ナンバーバンバン走っていて、旅行者・帰省者の方がクーラー効いた建物内でもマスクしていない率高い。これじゃ引き籠るしかないよ。尚エアコン故障中(修理お盆明け),時代ゆるいお茶の間サクラ咲ケ相葉雅紀嵐いぎなり東北産が好きな方ベガルタ仙台サポ以外の方フォロバしない事多め東北産は美海ちゃん激推し地元話もつぶやきます,親戚宅に寄らない純粋なお墓参りでさえ職場に事前届け出必須故まじで県内さえも出掛けられず姉も医療系で帰省禁止県外ナンバーバンバン走っていて旅行者帰省者の方がクーラー効いた建物内でもマスクしていない率高いこれじゃ引き籠るしかないよ尚エアコン故障中修理お盆明け
213,nerv_nm7,独身声豚,水樹奈々の名古屋の宿キャンセルせずに旅行してるオタクちらほら見るけど名古屋の暑さに焼かれそうだな,独身声豚,水樹奈々の名古屋の宿キャンセルせずに旅行してるオタクちらほら見るけど名古屋の暑さに焼かれそうだな
214,kaen_b,25↑/とある同人女の鰤垢/恋一･拳修メイン雑多/妄想壁打ちしてる/地雷を踏み抜くぞ気をつけろ/実は出戻り/ネタバレとかもあるよ/18↓は回れ右⚠️夢女がCP生産してる,多分貰ったプレゼントは洋服だし次の修兵の休みに無理やり休み合わせて旅行行くしその時脱がされるまでがセット,とある同人女の鰤垢恋一拳修メイン雑多妄想壁打ちしてる地雷を踏み抜くぞ気をつけろ実は出戻りネタバレとかもあるよは回れ右夢女が生産してる,多分貰ったプレゼントは洋服だし次の修兵の休みに無理やり休み合わせて旅行行くしその時脱がされるまでがセット
215,zmc1142,20↑ ONE PIECE/プレサマ/その他漫画アニメ/声優さん/役者さん/エンターテイナーさん//フォローお気軽にどうぞ！,"今年ほんま夏らしいことしてない...
1回も海行ってないの初めてちゃう...？
ナイトプールでパシャパシャしたい！！！！！
花火したい！！！
旅行したーい！！！！",プレサマその他漫画アニメ声優さん役者さんエンターテイナーさんフォローお気軽にどうぞ,今年ほんま夏らしいことしてない回も海行ってないの初めてちゃうナイトプールでパシャパシャしたい花火したい旅行したーい
216,RHfZXR9gIEZUB68,あつ森 ポケモン垢 あつ森のレシピ/マイル家具/交配花/ジョニー家具 ポケモンのオーダー/アイテム/全図鑑 販売しております🧶実績はいいねからご確認ください🥰代理販売募集中。🥳お支払い方法:メルカリ(手数料あり)/ラクマ(手数料あり)/ペイペイ/アマギフ メルカリ/ラクマなども実績300件↑あるのでご安心ください,"❤️人気住民のお引越しを手伝わせていただきます
📎ジュン
📎ジャック
📎みすず
📎ちゃちゃまる
❗️全部999円❗️

❤️40スタック素材おまけ

他の住民は500円～対応させて頂きますのでお気軽に、お問い合わせ下さい。

あつ森/おさわり会/カブ価/ちゃちゃまる/あつまれどうぶつの森/マイル旅行券/ジャック",あつ森ポケモン垢あつ森のレシピマイル家具交配花ジョニー家具ポケモンのオーダーアイテム全図鑑販売しております実績はいいねからご確認ください代理販売募集中お支払い方法メルカリ手数料ありラクマ手数料ありペイペイアマギフメルカリラクマなども実績件あるのでご安心ください,人気住民のお引越しを手伝わせていただきますジュンジャックみすずちゃちゃまる全部円スタック素材おまけ他の住民は円対応させて頂きますのでお気軽にお問い合わせ下さいあつ森おさわり会カブ価ちゃちゃまるあつまれどうぶつの森マイル旅行券ジャック
217,Rapimaruuuuu_,180sx狂愛者。執行済みのゲーマー 推しと旦那の為だけに生きてる夢見がち喪女 光の戦士してます鯖【Anima】Lia Maruuuuu PS4→R6S Y2s5〜 OW MHW PC→R6S FF14 OW MW【弟】→@Cityzen_moge 【旦那】→@Papimaruuuuu_,とある既婚者、金銭的に養えないと言って離婚後約3ヶ月で新しく女作って元嫁と認識ある旅行に連れてくるくそ腐った精神の持ったクソ男が知り合いにいると知ってゲロ吐く,狂愛者執行済みのゲーマー推しと旦那の為だけに生きてる夢見がち喪女光の戦士してます鯖弟旦那,とある既婚者金銭的に養えないと言って離婚後約ヶ月で新しく女作って元嫁と認識ある旅行に連れてくるくそ腐った精神の持ったクソ男が知り合いにいると知ってゲロ吐く
218,go_mochiko,お得な話が大好きだけど自分で考えるのが苦手なので、皆さんの情報に流されてます。いつもありがとうございます。仕事を辞めて暇なので旅行に行きます。クルーズが楽で気に入りました！ノルマで映画をよく観ます。ランニング中には本を読みます。それらの一言感想などつぶやくかも。2017年SFC修行済。JGCは3年悩んでます。,"父親のプリンターを買ってあげるのに、３万はたかい。１万くらいので十分。でも今テレワークで軒並み在庫なしだから９月まで待って。って言ったけど、無理って言われていやいや３万くらいのを買ってあげた。
でも、一回旅行に行ったらそのくらい一瞬でなくなるから自分でも矛盾を感じるｗごめんね。",お得な話が大好きだけど自分で考えるのが苦手なので皆さんの情報に流されてますいつもありがとうございます仕事を辞めて暇なので旅行に行きますクルーズが楽で気に入りましたノルマで映画をよく観ますランニング中には本を読みますそれらの一言感想などつぶやくかも年修行済は年悩んでます,父親のプリンターを買ってあげるのに万はたかい万くらいので十分でも今テレワークで軒並み在庫なしだから月まで待ってって言ったけど無理って言われていやいや万くらいのを買ってあげたでも一回旅行に行ったらそのくらい一瞬でなくなるから自分でも矛盾を感じるごめんね
219,ryonya3456,"アホ男子と夢見る女子の母。
趣味は旅、登山、スノーボードなどやりたいやれないしかたなく走るだけ。またいつかバイク乗りたい。HSP。自律神経失調症。概日リズム障害。それでもなんとか頑張ってるOb/Gyn。","夏休みに旅行に行かなかったのはこの20年で2回目。
1回目は2人目妊娠中で悪阻と切迫流産だったとき。",アホ男子と夢見る女子の母趣味は旅登山スノーボードなどやりたいやれないしかたなく走るだけまたいつかバイク乗りたい自律神経失調症概日リズム障害それでもなんとか頑張ってる,夏休みに旅行に行かなかったのはこの年で回目回目は人目妊娠中で悪阻と切迫流産だったとき
220,rutile_moe,"フォロー、アンフォロー、リプ、RT、ふぁぼ等々、FF内外を気にせずチャンネル感覚でお気軽にどうぞ(*'▽')　音楽、ライブ、ドラマ、料理、日本酒、競馬。基本道産子。酒好き猫好き。日常、食とお酒、旅とかテキトー。freelance-
writer ですが、守秘義務があるため仕事の話は無です。
LIVE上空組、ライト層。","添付資料を貼るためのノリがない。
ごはんつぶもなし。
マスキングテープはあるが向かない。
こんなときは旅行カートへ。",フォローアンフォローリプふぁぼ等々内外を気にせずチャンネル感覚でお気軽にどうぞ音楽ライブドラマ料理日本酒競馬基本道産子酒好き猫好き日常食とお酒旅とかテキトーですが守秘義務があるため仕事の話は無です上空組ライト層,添付資料を貼るためのノリがないごはんつぶもなしマスキングテープはあるが向かないこんなときは旅行カートへ
221,Kj9jxe3Q,大学2年、20才！アイコンはコノハちゃん(@_konoha_kurone_)から！凛として時雨、小説、漫画 、BL、GL好みます,高校生期間に貯めた分は卒業旅行のユニバで全部使った🤗,大学年才アイコンはコノハちゃんから凛として時雨小説漫画好みます,高校生期間に貯めた分は卒業旅行のユニバで全部使った
222,enuxxx_,えぬの勉強垢♡ 偏差値67の自称進学校に通う高校2年生,"◎Comments

今日も旅行中であまり時間が取れないので少なめで(;_;)
ですが明日は予定は無いので10h以上やれたらいいなと…！
多分今日で夏休みの宿題の9割は終わります…！
毎日頑張ってるのに未だ終わってないとか宿題多すぎ（இ﹏இ`｡)",えぬの勉強垢偏差値の自称進学校に通う高校年生,今日も旅行中であまり時間が取れないので少なめでですが明日は予は無いので以上やれたらいいなと多分今日で夏休みの宿題の割は終わります毎日頑張ってるのに未だ終わってないとか宿題多すぎஇஇ
223,suzu_kousei,"銀英伝と十二国記とナル麻衣ハクヨナナルミツ今手烏野のモンペです
フィギュアスケートは永遠のにわかです（SUKI）
読解力がありすぎるので降谷さんと赤井さんはライバルと書いて恋人です",一旦休憩あとでまたまわす。マイル旅行券あと20枚くらいか……,銀英伝と十二国記とナル麻衣ハクヨナナルミツ今手烏野のモンペですフィギュアスケートは永遠のにわかです読解力がありすぎるので降谷さんと赤井さんはライバルと書いて恋人です,一旦休憩あとでまたまわすマイル旅行券あと枚くらいか
224,pancakexLC,"LCアカ🌱自分磨き中
最近LCデビューしたばかりです✨
LC使っている方とお話したいですI˙꒳​˙)よろしくお願いします😊
※無言フォロー失礼します(*. .)💦","おはようおやすみLINE無理😇
旅行一緒に行きたいねとか
彼氏でもないのに彼氏面すんな…😇",アカ自分磨き中最近デビューしたばかりです使っている方とお話したいですよろしくお願いします無言フォロー失礼します,おはようおやすみ無理旅行一緒に行きたいねとか彼氏でもないのに彼氏面すんな
225,xxxkanochinxxx,成人済。 昭和生まれの女。90年代V系をいまだに引き摺るアイジャー。 シャイニング事務所のアイドルと赤安を推しています。Ｇ大阪サポ。     腐アカ @kano_rish,京都駅も地下鉄車内もめちゃくちゃ空いてる…でもさっき海外旅行用サイズのキャリー持った韓国人グループがいて(めっちゃ韓国語喋ってた)、今、海外旅行？？ってびっくりした。,成人済昭和生まれの女年代系をいまだに引き摺るアイジャーシャイニング事務所のアイドルと赤安を推しています大阪サポ腐アカ,京都駅も地下鉄車内もめちゃくちゃ空いてるでもさっき海外旅行用サイズのキャリー持った韓国人グループがいてめっちゃ韓国語喋ってた今海外旅行ってびっくりした
226,nishibookm,乙女ゲーム、bl、その他雑多,"出不精なので旅行もそれほど好きではないんですが、台湾は一度訪れてみたい。
ここ、行ってみたいなー。",乙女ゲームその他雑多,出不精なので旅行もそれほど好きではないんですが台湾は一度訪れてみたいここ行ってみたいなー
227,u9605s,"🌺恋垢🌺
記念日⇒2018年2月18日。婚約日⇒2020年2月18日。大切な我が子の命日⇒2019年6月3日。2年間の中距離恋愛⇒半同棲中。甘デレな彼氏⇒@RYOtn0218。","2年半付き合ってきて、県外に旅行するのは初めて🥳🎉
お互いの県ならあるけど💦
楽しむしかないでしょ😍❤️❤️❤️",恋垢記念日年月日婚約日年月日大切な我が子の命日年月日年間の中距離恋愛半同棲中甘デレな彼氏,年半付き合ってきて県外に旅行するのは初めてお互いの県ならあるけど楽しむしかないでしょ
228,kotononha,バレー⇒JT ٩( ᐛ )و🍙💚🐼(過去)FC#10 ◡̈⃝行きたい時に行き、帰りたい時に帰る。自由人。,海外旅行にいきてぇ！！！,バレー過去̈⃝行きたい時に行き帰りたい時に帰る自由人,海外旅行にいきてぇ
229,aimisoni,コスの写真や旅行先で写真撮ってます。 撮影依頼はDMにて。良さげな風景知ってる方教えてください！アニメはたしなむ程度。,友達いないからぼっち旅行する😇,コスの写真や旅行先で写真撮ってます撮影依頼はにて良さげな風景知ってる方教えてくださいアニメはたしなむ程度,友達いないからぼっち旅行する
230,backyard_2,"自然科学や動植物、漫画、最近では投資にも興味アリ。
のんびりゆったりがモットー。就職氷河期の生き残り。
ツイッター初心者。ツイートは少なめ。
無言フォローご容赦m(__)m","Alan Walkerの曲を聴くと
無性に海外を旅行したくなる",自然科学や動植物漫画最近では投資にも興味アリのんびりゆったりがモットー就職氷河期の生き残りツイッター初心者ツイートは少なめ無言フォローご容赦,の曲を聴くと無性に海外を旅行したくなる
231,Buddha_s_Stick,トリソミー系男子,"喋るの好きだし都会の便利さを知ってしまってるからわざわざ疎開して作物つくるのは絶対に向いてない
あと怠惰なうえに旅行好きだから休みなしは無理",トリソミー系男子,喋るの好きだし都会の便利さを知ってしまってるからわざわざ疎開して作物つくるのは絶対に向いてないあと怠惰なうえに旅行好きだから休みなしは無理
232,cbjo1128jmt,"アラサー腐女子。そして夢女子。乙女系小説好き。
最近は呪術廻戦すっき。五悠推してます。フォロワーさんに話しかける可能性ありますので注意してください！超妖言参加予定です。
アイコンは@takenoko_aku 筍のアクさんに描いてもらいました！",今日は家族で温泉旅行なので、いっぬもおしゃれにされてたwww,アラサー腐女子そして夢女子乙女系小説好き最近は呪術廻戦すっき五悠推してますフォロワーさんに話しかける可能性ありますので注意してください超妖言参加予ですアイコンは筍のアクさんに描いてもらいました,今日は家族で温泉旅行なのでいっぬもおしゃれにされてた
233,flex_tra,神助っ人,旅行先で酒が買えるようになったせいで散財が進んでしまうから良くないわ,神助っ人,旅行先で酒が買えるようになったせいで散財が進んでしまうから良くないわ
234,resch3c00h,大して知らないのに知った顔しないでほしい,旅行に行けないからって過去数年の旅行写真フォルダひっくり返して反芻してるの正直楽しいし過去の自分よ写真を撮ってくれてさんきゅー,大して知らないのに知った顔しないでほしい,旅行に行けないからって過去数年の旅行写真フォルダひっくり返して反芻してるの正直楽しいし過去の自分よ写真を撮ってくれてさんきゅー
235,MON35561166,"あつ森用アカウント
20代♂
しゃしん周回中【389/391】","あつ森 レシピ つねきち

【譲】
★キャンサーのテーブル
★ジェミニのクロゼット
★うちゅうせんのかべ
コスモスのかんむり
コスモスのかんむり・ラブリー

★もののふのちょうこく(本物)
★すばらしいめいが(本物)

【求】
マイル旅行券
アイテム1つにつき★は4枚、その他は2枚との交換",あつ森用アカウント代しゃしん周回中,あつ森レシピつねきち譲キャンサーのテーブルジェミニのクロゼットうちゅうせんのかべコスモスのかんむりコスモスのかんむりラブリーもののふのちょうこく本物すばらしいめいが本物求マイル旅行券アイテムつにつきは枚その他は枚との交換
236,humptyloveisall,"ハンプティ・ダンプティ＆Love is all　えいやっ、でガッチャンしまして「はんぷ亭らび蔵」と申します。
毎日が一日でザ・エンドですよ！
油田の権利書もさしあげます。今日はレギュラーと重油が出てます。

タニサボクラスタの隅っこ。

B-T、L’arc、Prog、Goth、NewWave、HR/HM etc…",GoToが旅行代理店を救ってるかどうかはほとんど観光しか稼ぎが無い僻地にとっては割とどうでもよかったりするが。,ハンプティダンプティえいやっでガッチャンしましてはんぷ亭らび蔵と申します毎日が一日でザエンドですよ油田の権利書もさしあげます今日はレギュラーと重油が出てますタニサボクラスタの隅っこ,が旅行代理店を救ってるかどうかはほとんど観光しか稼ぎが無い僻地にとっては割とどうでもよかったりするが
237,climber1942,アマチュア火山・地質愛好家。お絵描きと博物館が好き。少女終末旅行 FHSW,限界旅行、宿代や交通費を可能な限り削り、浮いた金で多動するってイメージなんだけどあってるかな。,アマチュア火山地質愛好家お絵描きと博物館が好き少女終末旅行,限界旅行宿代や交通費を可能な限り削り浮いた金で多動するってイメージなんだけどあってるかな
238,marusuke4097,無言フォロー＆いいね＆RT失礼します。成人済みで駄文を量産する生モノ。メインは文アル他のジャンルの事もたまに呟きます。普通に創作司書で妄想してそれを呟きますので気をつけてね！　大体森司書とよゆーはでなんか書いてます。　話数だけは多い作品庫→https://t.co/P9DVTJUgUi,"旅行ねえ…………
都内の民だからどーせあちらさんもきてほしくないんじゃろ？？ってなってるのもあるし、そもそも出かける暇がねえ",無言フォローいいね失礼します成人済みで駄文を量産する生モノメインは文アル他のジャンルの事もたまに呟きます普通に創作司書で妄想してそれを呟きますので気をつけてね大体森司書とよゆーはでなんか書いてます話数だけは多い作品庫,旅行ねえ都内の民だからどーせあちらさんもきてほしくないんじゃろってなってるのもあるしそもそも出かける暇がねえ
239,KfAkiko,20年超えるハーブとアロマ愛好者×競泳選手経験×毎週100名ほど指導実践で積み上げた「伝えること」ブログ更新中 📣週末限定で日本産アロマLifeパートナーとして活動 かおりを嗅ぐ自分がわかる相手がみえる 自分軸（ツリー）みつかる笑顔の連鎖愉快な仲間とのつながりで人生豊かに虹色ミラクルライフ❣️,"今この時に生きる力
「自問力」
自分に気づくこと。

今日もまた一歩
コツコツコツ。

自分の人生
自分で地図を描うよ。

今に生きること
時間旅行しながら
できることからね。",年超えるハーブとアロマ愛好者×競泳選手経験×毎週名ほど指導実践で積み上げた伝えることブログ更新中週末限で日本産アロマパートナーとして活動かおりを嗅ぐ自分がわかる相手がみえる自分軸ツリーみつかる笑顔の連鎖愉快な仲間とのつながりで人生豊かに虹色ミラクルライフ,今この時に生きる力自問力自分に気づくこと今日もまた一歩コツコツコツ自分の人生自分で地図を描うよ今に生きること時間旅行しながらできることからね
240,mizugoroumai,えむこっとです。音楽に溺れたらええねん。,すごく楽しみにしてた本日の旅行、なくなってしまった…,えむこっとです音楽に溺れたらええねん,すごく楽しみにしてた本日の旅行なくなってしまった
241,tukemono0831,"東方見たりきれぼし脳だったり
Twitter楽むためのアカウントなので
自由にてきとーに好き勝手します",旅行行けたらこうやって遊んでみるのも良いなー,東方見たりきれぼし脳だったり楽むためのアカウントなので自由にてきとーに好き勝手します,旅行行けたらこうやって遊んでみるのも良いなー
242,QUW5O6PVTU0vFqc,あつ森交流用のアカウントです。 7カ月のおちびちゃんがいて、お世話の合間にちまちまプレイしてます🏝島クリ開放されたばかりで絶賛開拓中ですが、仲良くしていただけると嬉しいです♪ 推しはもんぺちゃん✨,"今すごく欲しているものはないのですが、以下のものがあれば嬉しいです😊☘
◎素材系（もくざい,金鉱石,季節系など）
◎マイル家具（外灯,パブリックベンチ,自販機,白灯台など）
◎マイル旅行券",あつ森交流用のアカウントですカ月のおちびちゃんがいてお世話の合間にちまちまプレイしてます島クリ開放されたばかりで絶賛開拓中ですが仲良くしていただけると嬉しいです推しはもんぺちゃん,今すごく欲しているものはないのですが以下のものがあれば嬉しいです素材系もくざい金鉱石季節系などマイル家具外灯パブリックベンチ自販機白灯台などマイル旅行券
243,hikaruw_niki,妹に囲まれてピルクル飲みながら暮らしたい、お別れは垢消しでお願いします。,旅行？そうだなー、山...川...城...それと、湖がさえ見れれば俺はいいかな。,妹に囲まれてピルクル飲みながら暮らしたいお別れは垢消しでお願いします,旅行そうだなー山川城それと湖がさえ見れれば俺はいいかな
244,love718292590,35↑高卒腐有。刀剣鬼滅HQ暁ヨナ等雑多に浅く…2も.5も💕地雷無し(好みはある）IT偏差値低くTwitter利用が下手なので変な所あったら突っ込んで下さい( ﾉ;_ _)ﾉ『良い✨』と思うと軽率に❤️します。アイコンはゆゆ様から頂きました✨(転載🈲)取引はツイフィ内容承諾済と判断します。,"そういえば８年前、母親が７万分の旅行券当ててまるっと貰ったのよ。指定の旅館なら旅館で支払う代金全て(館内土産物屋にも)使えるやつ。友人の独身最後の旅行で、豪華なお部屋＋オプション追加のお料理頼んで…。
お陰で女二人では到底食べきれない夕食で悲鳴をあげた(嬉)
楽しかったなぁ…🥰",高卒腐有刀剣鬼滅暁ヨナ等雑多に浅くもも地雷無し好みはある偏差値低く利用が下手なので変な所あったら突っ込んで下さいノノ良いと思うと軽率にしますアイコンはゆゆ様から頂きました転載禁取引はツイフィ内容承諾済と判断します,そういえば年前母親が万分の旅行券当ててまるっと貰ったのよ指の旅館なら旅館で支払う代金全て館内土産物屋にも使えるやつ友人の独身最後の旅行で豪華なお部屋オプション追加のお料理頼んでお陰で女二人では到底食べきれない夕食で悲鳴をあげた嬉楽しかったなぁ
245,haruko08051,"不会画画，不会写文（想画也画不了）
正在沉迷逆转系列","别看我这样，我是真的想去
爸爸妈妈大哥二哥都去过海外旅行，只有我没去过，话说我连飞机都没坐过，我好可怜啊",不会画画不会写文想画也画不了正在沉迷逆转系列,别看我这样我是真的想去爸爸妈妈大哥二哥都去过海外旅行只有我没去过话说我连飞机都没坐过我好可怜啊
246,_rigi,🔞【#ハイエナ同盟】✨　 チャットモンチーが好き ストリップも好き　 　耽美,旅行してぇ,ハイエナ同盟チャットモンチーが好きストリップも好き耽美,旅行してぇ
247,ckb_bot,クレイジーケンバンドの歌詞を30分に一回呟く非公式botです。※12時間おきの自動リフォローシステムとなっております。リクエストや歌詞訂正があればリプライやDM等で伝えていただけると幸いです。,"なあ お前 何をぼんやり外見てるんだい
旅行帰りでボーッとしてるんじゃない?",クレイジーケンバンドの歌詞を分に一回呟く非公式です時間おきの自動リフォローシステムとなっておりますリクエストや歌詞訂正があればリプライや等で伝えていただけると幸いです,なあお前何をぼんやり外見てるんだい旅行帰りでボーッとしてるんじゃない
248,ochazukeman____,"20↓　未成年無理な方すみません🙇‍♀️💦
取引用アカウント作りました！
2つ目のアカウントで電話番号認証できないのでDMは自発お願いします！
主にポケモン・あつ森　たまにスプラ","あつ森　交換
譲）マイル旅行券×10 or ヒヤシンスのランプ（レシピ）　
求）キノコのランプ（レシピ）

できればすぐできる方の方がありがたいです🙇‍♀️💦
リプ、DMお待ちしております🙇‍♀️",未成年無理な方すみません取引用アカウント作りましたつ目のアカウントで電話番号認証できないのでは自発お願いします主にポケモンあつ森たまにスプラ,あつ森交換譲マイル旅行券×ヒヤシンスのランプレシピ求キノコのランプレシピできればすぐできる方の方がありがたいですリプお待ちしております
249,mkakutoup,"M格闘技プレイなら
このSNSでパートナーを見つけられる→  https://t.co/esqSX2G4Nk   唯一のSNSです!!!!!!","尻穴を弄んで何度も大量浣腸、異物挿入、クリ責め、縛りして下さい。旅行も趣味なので長期自宅監禁調教できる方 [失禁,娼婦,方言]M格闘プレイしたい…",格闘技プレイならこのでパートナーを見つけられる唯一のです,尻穴を弄んで何度も大量浣腸異物挿入クリ責め縛りして下さい旅行も趣味なので長期自宅監禁調教できる方失禁娼婦方言格闘プレイしたい
250,a478s8,1日15分⏰月収30万のスマホ副業🎀募集要項：年齢20歳以上、性別不問、スマホを持っている方のみ🌟出入り自由なので興味ある方は固定ツイート見てください🙏,"☯

➡絵師さんと繋がりたい
➡イラスト好きな人と繋がりたい
➡イラスト好きさんと繋がりたい

友達よりもお金を稼ぎたい人、私の固定ツイートの副業情報見てください★

☝旅行好き
☝資金調達
☝現場",日分月収万のスマホ副業募集要項年齢歳以上性別不問スマホを持っている方のみ出入り自由なので興味ある方は固ツイート見てください,絵師さんと繋がりたいイラスト好きな人と繋がりたいイラスト好きさんと繋がりたい友達よりもお金を稼ぎたい人私の固ツイートの副業情報見てください旅行好き資金調達現場
251,xkuanz_trpg,生産性が無さすぎるメンヘラ 版権→@misisipiao,旅行は無くなったけど友達と遊ぶ予定入れたからいいもん,生産性が無さすぎるメンヘラ版権,旅行は無くなったけど友達と遊ぶ予入れたからいいもん
252,kondoshiitake,愛知県豊田市(下山地区)で原木椎茸とお米の生産をしています。最近は「椎茸入り肉まん」を開発すべく頑張っています。,来週、旅行行きてぇぇぇ、と思いつつ、同居なので倫理的に今年は諦めます😢というか、来年以降も果たして行けるようになるのでしょうか⁉️自宅でキャンプする趣味にでも切り替えようかと思っています。,愛知県豊田市下山地区で原木椎茸とお米の生産をしています最近は椎茸入り肉まんを開発すべく頑張っています,来週旅行行きてぇぇぇと思いつつ同居なので倫理的に今年は諦めますというか来年以降も果たして行けるようになるのでしょうか自宅でキャンプする趣味にでも切り替えようかと思っています
253,aoiumetinn,創作18禁BL小説を書いています。ユーリオンアイス二次イラストも描いています。YOI二次の表紙、アイコン等、のご依頼絵賜ります☆18歳未満の方のフォローはご遠慮ください。当人成人済。ヘッダー、アイコン自作発言ご遠慮ください。 無言フォロー大歓迎です。ご挨拶してしまうかもですがお気になさらず☆R18垢 @aoiume2,"ふふふふふ(*ˊૢᵕˋૢ*)旅行キャンセルしての返金とか、週末自転車乗ってばかりだったりとかで、今月、カードの支払いが1万円とちょっと(*ˊૢᵕˋૢ*)
うふふふ

うふふふ、
十和さんに触発されて本が作りたくなる(*ˊૢᵕˋૢ*)",創作禁小説を書いていますユーリオンアイス二次イラストも描いています二次の表紙アイコン等のご依頼絵賜ります歳未満の方のフォローはご遠慮ください当人成人済ヘッダーアイコン自作発言ご遠慮ください無言フォロー大歓迎ですご挨拶してしまうかもですがお気になさらず垢,ふふふふふૢૢ旅行キャンセルしての返金とか週末自転車乗ってばかりだったりとかで今月カードの支払いが万円とちょっとૢૢうふふふうふふふ十和さんに触発されて本が作りたくなるૢૢ
254,koikoi_obake7,創作 /// ♂×♀ ♡ ♀×♀ /// 不健全になるときもある//版権垢→@px3_px3_px7///マシュマロ→https://t.co/CHsG1w7alx,ほんとに来年か再来年いつになるかわからないけど、コロナが落ち着いたら中野ブロードウェイ行きたいな…。というよりもとりあえず心置き無くどこかに遊びに行きたいし旅行にも行きたいなあ。今はようよう行けんけれど…,創作××不健全になるときもある版権垢マシュマロ,ほんとに来年か再来年いつになるかわからないけどコロナが落ち着いたら中野ブロードウェイ行きたいなというよりもとりあえず心置き無くどこかに遊びに行きたいし旅行にも行きたいなあ今はようよう行けんけれど
255,watage_2,ふごけ🌟🌸/🔞ほぼ壁打ち/モブおじ脳/成人済/※※転載禁止。Reproduction is prohibited. Do not repost my work.,お弁当気にするあたり星野も意外と食い意地はってそうなので加藤さん先輩と旅行に行ったら食い倒れてばっかで観光名所とか行かない,ふごけほぼ壁打ちモブおじ脳成人済転載禁止,お弁当気にするあたり星野も意外と食い意地はってそうなので加藤さん先輩と旅行に行ったら食い倒れてばっかで観光名所とか行かない
256,sippor,愛犬とアニメとゲームを愛する日々。FGOと弱虫ペダルが好き。ヒッジが相棒。女体化は地雷。成人済。刀らぶ垢→　@sippor_arigatok,"旅行は、特に「大金を払って手に入れる、特別な時間」の部類だから、客側の要望がより厳しくなる。旅行サイトの口コミを見ても、あの程度の酷評は普通にあるんだよね。だから、なんでTwitterでそんなに問題になったのかよくわからない部分もある。

おじさんの世間知らずの憐れさしか感じない。",愛犬とアニメとゲームを愛する日々と弱虫ペダルが好きヒッジが相棒女体化は地雷成人済刀らぶ垢,旅行は特に大金を払って手に入れる特別な時間の部類だから客側の要望がより厳しくなる旅行サイトの口コミを見てもあの程度の酷評は普通にあるんだよねだからなんででそんなに問題になったのかよくわからない部分もあるおじさんの世間知らずの憐れさしか感じない
257,mz_sama_kawa,鬼舞辻無惨のわんぱくなファンです(右固定) 20↑腐　こくむざ よりむざ 炭鬼舞 どうむざ かがむざ 腐ってても夢見がち,ビジパの海外旅行、お互いがかなり念入りに下調べして(みちかつは旅のしおりを作り始めたりする)現地でも一切時間の無駄がない効率旅で超充実してるんだけど、ここによりちを投入するとよりちは1日3回迷子になるのでよりち捜索時間≧観光時間になってしまい毎度ブチギレるむざん様,鬼舞辻無惨のわんぱくなファンです右固腐こくむざよりむざ炭鬼舞どうむざかがむざ腐ってても夢見がち,ビジパの海外旅行お互いがかなり念入りに下調べしてみちかつは旅のしおりを作り始めたりする現地でも一切時間の無駄がない効率旅で超充実してるんだけどここによりちを投入するとよりちは日回迷子になるのでよりち捜索時間観光時間になってしまい毎度ブチギレるむざん様
258,konkatsu_seikou,#年の差婚　モテそうもない私ですが、22歳年下の聡明な美人女性（主観）と結婚しました。子どももでき人生が変わりました！,旅行行きたい、温泉入りたい、おいしいもの食べに行きたい。好きな映画のDVD借りて、好きなだけ観たい。家で一日中のんびりしたい。好きなクルマに買い買い換えたい。小説も好きなだけ読みたい。仕事帰りにコンビニで買い食いしたい。それから・・タイプの女性がいたらモーションかけたい（まずい）,年の差婚モテそうもない私ですが歳年下の聡明な美人女性主観と結婚しました子どももでき人生が変わりました,旅行行きたい温泉入りたいおいしいもの食べに行きたい好きな映画の借りて好きなだけ観たい家で一日中のんびりしたい好きなクルマに買い買い換えたい小説も好きなだけ読みたい仕事帰りにコンビニで買い食いしたいそれからタイプの女性がいたらモーションかけたいまずい
259,Sevillafc10,＊favorite team＊ 【Sevilla FC】 ＊favorite player＊ 【Jesus Navas16】【Diego Capel】 ＊favorite cup＊ @EuropaLeague ニックネーム 会長。,"当時大分に住んでて、泊まるホテルをとらずに断行した1泊2日の旅行だったけど、セビージャ優勝して、祝勝会もセビシスタの皆さんとして、朝まで盛り上がり、充実したのを覚えている。

帰りの飛行機の時間まで確か成田空港の待合室で熟睡してたのも思い出。",ニックネーム会長,当時大分に住んでて泊まるホテルをとらずに断行した泊日の旅行だったけどセビージャ優勝して祝勝会もセビシスタの皆さんとして朝まで盛り上がり充実したのを覚えている帰りの飛行機の時間まで確か成田空港の待合室で熟睡してたのも思い出
260,l_okamoto,食品会社の代表取締役CEO／怪しいプロフ(笑)／40代独身／社員数100人弱／慶應理工院卒→1部上場企業→独立→飲食業→食品加工業→2020年ついに農業参入！／「お客さま・社員の幸せ」と「女性の幸せ」を日々研究中！✏新型コロナは私達にインプットの時間的余裕を与えてくれた。この時間をどう使うかで大きな格差に…。,"旅行では
昼飯　夜飯
かぶりがち😅",食品会社の代表取締役怪しいプロフ笑代独身社員数人弱慶應理工院卒部上場企業独立飲食業食品加工業年ついに農業参入お客さま社員の幸せと女性の幸せを日々研究中新型コロナは私達にインプットの時間的余裕を与えてくれたこの時間をどう使うかで大きな格差に,旅行では昼飯夜飯かぶりがち
261,1zCoh,0歳の娘がいます/育児の合間にゆるくあつ森/ギリギリ平成生まれ/無言フォロー失礼します🙇‍♂️,求 マイル旅行券,歳の娘がいます育児の合間にゆるくあつ森ギリギリ平成生まれ無言フォロー失礼します,求マイル旅行券
262,marioeuf,ビスクドール(創作人形＊球体関節人形)作ってます🐛誤字脱字多め🥀今年の目標、ツイートする前に読み返すこと。 宮城県仙台市出身,"昨日は仲の良いお友達がプレゼントを持って来てくれた。
これも帰省や旅行しないから出来たことだったような。
我が家の子供達は夏休み春休み生まれなので。",ビスクドール創作人形球体関節人形作ってます誤字脱字多め今年の目標ツイートする前に読み返すこと宮城県仙台市出身,昨日は仲の良いお友達がプレゼントを持って来てくれたこれも帰省や旅行しないから出来たことだったような我が家の子供達は夏休み春休み生まれなので
263,hiroshimagirl,ツイステ・ハーツラビュル箱推しのｴｰｽくん最推し/EROSIONトキシン推し/幻想～アルラス開始/ドラクエX/ﾂｷﾌﾟﾛGrowth箱推し剣介くん最推し/A3東さん/あんスタ桃李/スタマイ槙・服部・菅野/嵐ニノ担/ デレとときん/ミリまつり姫/Mﾏｽもふもふえん推しのかのんさんP,"昨日仕事買えるのが遅いの確定で、今日休みなんだけど朝早く行動しないとだったから思いきってホテル予約して宿泊してきた。いま、こういう時期だから市内とかの利便性よくて新しいホテルも安くって。旅行みたいな非日常感があってリフレッシュできました！
またやってみたいかも。",ツイステハーツラビュル箱推しのエースくん最推しトキシン推し幻想アルラス開始ドラクエツキプロ箱推し剣介くん最推し東さんあんスタ桃李スタマイ槙服部菅野嵐ニノ担デレとときんミリまつり姫マスもふもふえん推しのかのんさん,昨日仕事買えるのが遅いの確で今日休みなんだけど朝早く行動しないとだったから思いきってホテル予約して宿泊してきたいまこういう時期だから市内とかの利便性よくて新しいホテルも安くって旅行みたいな非日常感があってリフレッシュできましたまたやってみたいかも
264,yorozurabot,"★銀桂ベースの腐向け、よろづら家族設定。銀魂非公式BOTになります。

（ヅラさんが万事屋に嫁入りしてたり、通い妻だったり。）
　　　　　昼はほのぼの、夜は銀桂大人向け含むのでR15↑
          　　　　　
　　　　　　　※ネタ提供や連絡はDMにて。",神楽「あそこにいるの、エリーアルな」　新八「ほんとだ。桂さんは一緒じゃないみたいだね」　神楽「エリー、ヅラはどうしたアルか？」　エリザベス『桂さんは温泉旅行中です』　新八「神楽ちゃん…銀さんも温泉行くって言ってなかったっけ？」　神楽「銀ちゃん仕事だって言ってたけど絶対嘘アル！」,銀桂ベースの腐向けよろづら家族設銀魂非公式になりますヅラさんが万事屋に嫁入りしてたり通い妻だったり昼はほのぼの夜は銀桂大人向け含むのでネタ提供や連絡はにて,神楽あそこにいるのエリーアルな新八ほんとだ桂さんは一緒じゃないみたいだね神楽エリーヅラはどうしたアルかエリザベス桂さんは温泉旅行中です新八神楽ちゃん銀さんも温泉行くって言ってなかったっけ神楽銀ちゃん仕事だって言ってたけど絶対嘘アル
265,k0u_008,劫です。成人済み 🧲⚰🔞,旅行探納,劫です成人済み,旅行探納
266,owari_989,"神様ルナ様仏様🙇🏻🙇🏻🙇

つり乙/ホワルバ2/グリザイア/おれつば/サクラノ詩/マブラヴシリーズ/すば日々/はつゆきさくら/車輪の国/G線上の魔王/いろセカ/Rewrite/天いな/CLANNAD/殻の少女

気軽に絡んでください(切実)",気がついたらまた家族旅行に置いてかれた,神様ルナ様仏様つり乙ホワルバグリザイアおれつばサクラノ詩マブラヴシリーズすば日々はつゆきさくら車輪の国線上の魔王いろセカ天いな殻の少女気軽に絡んでください切実,気がついたらまた家族旅行に置いてかれた
267,ayu_ko_mimo,8/pLanet!!さんを応援しています/アニメ（ソングを聞くだけ）くん/MIX録る屋さん（アニソン、ロック中心）,北海道旅行ドライブ中に夏曲いっぱい聞いた反動で夏曲を聞きまくってる,さんを応援していますアニメソングを聞くだけくん録る屋さんアニソンロック中心,北海道旅行ドライブ中に夏曲いっぱい聞いた反動で夏曲を聞きまくってる
268,car_pan,"6年サピ＆高３鉄
この際学校は9月始業に変更しようよ",友達家族が関西に旅行に行っていることを知り、この後、どう接するべきか・・・悩む,年サピ高鉄この際学校は月始業に変更しようよ,友達家族が関西に旅行に行っていることを知りこの後どう接するべきか悩む
269,sarisaris1995,ふくすまの修士。柴犬bot。ガノタだったり特撮オタクだったり歴オタだったりPだったりする。 ガルパンはいいぞ。,来週プチ旅行マジで行こうかな…,ふくすまの修士柴犬ガノタだったり特撮オタクだったり歴オタだったりだったりするガルパンはいいぞ,来週プチ旅行マジで行こうかな
270,7order5,取引専用アカウントです。北陸地方住みなため郵送のみです。よろしくお願いします。 25↑30↓。最後まで取引させて頂いてます。安井謙太郎くんを応援してます。枚数揃い次第譲りのみの募集もかけます。,しにつか広島かあー！去年の広島旅行が懐かしい。広島また遊びにいきたいなあ！,取引専用アカウントです北陸地方住みなため郵送のみですよろしくお願いします最後まで取引させて頂いてます安井謙太郎くんを応援してます枚数揃い次第譲りのみの募集もかけます,しにつか広島かあー去年の広島旅行が懐かしい広島また遊びにいきたいなあ
271,fat_kappa,"ナイルなえっさん（ひかり・江角連）botです。
166*135*29
詐欺のネット乞食をしたのと、他人を生配信で誹謗中傷して大炎上。「キツいから無視することにします(^◇^;)」

【事大主義で仲間を裏切るクズニート】→@rupapatokyu
#ロリコン #関慎吾 #ふわっち #ニート #特撮　#自粛無視",今週はろくについてない週で気付いたら後の祭りな事が重なりまくって心身共にやられてます(T_T)今日は親戚の旅行がなくなり家族でららぽーとにお出掛けになったので少しでも嫌な流れを断ち切りたいな…,ナイルなえっさんひかり江角連です詐欺のネット乞食をしたのと他人を生配信で誹謗中傷して大炎上キツいから無視することにします事大主義で仲間を裏切るクズニートロリコン関慎吾ふわっちニート特撮自粛無視,今週はろくについてない週で気付いたら後の祭りな事が重なりまくって心身共にやられてます今日は親戚の旅行がなくなり家族でららぽーとにお出掛けになったので少しでも嫌な流れを断ち切りたいな
272,ATMSCE,"姓は中村。生粋の埼玉人。
お肉、特撮、2次元、ﾃﾞｨｽﾞﾆ-、そしてﾋﾄｶﾗで生きるデブ
物を生み出すお仕事","家族旅行だけでなく
日頃からそう
外食とかお出かけとか

だから結婚こわいって思う

&gt;&gt;RT",姓は中村生粋の埼玉人お肉特撮次元ディズニそしてヒトカラで生きるデブ物を生み出すお仕事,家族旅行だけでなく日頃からそう外食とかお出かけとかだから結婚こわいって思う
273,J_i_yAtrA,ほぼ愚痴不平不満文句暴言ぼやき独り言。口がとても悪いです。,政府が色々発信して対策してってのが前提だけど、なんでも人のせいにしてるのもどうなのか。「GoToやるから旅行に行ってしまって感染した。GoToやる方が悪い」とか思ってる人も多そうだもんなぁ。,ほぼ愚痴不平不満文句暴言ぼやき独り言口がとても悪いです,政府が色々発信して対策してってのが前提だけどなんでも人のせいにしてるのもどうなのかやるから旅行に行ってしまって感染したやる方が悪いとか思ってる人も多そうだもんなぁ
274,momosemfmf1,ももです お絵描きと推しがだいすき お嫁さん♡ @koyukimfmf1 ♡ 推し♡ @uni_mafumafu ♡ 雑多ジャンル本垢です 嫁に甘い 無言フォローすみません アイコンは嫁に塗ってもらった嫁 ヘッダーは自作の嫁です 夢みるし腐ってます,また家族旅行の夢見たちくしょう なんで今回の方が鮮明なんだよ,ももですお絵描きと推しがだいすきお嫁さん推し雑多ジャンル本垢です嫁に甘い無言フォローすみませんアイコンは嫁に塗ってもらった嫁ヘッダーは自作の嫁です夢みるし腐ってます,また家族旅行の夢見たちくしょうなんで今回の方が鮮明なんだよ
275,keii1111,外資IT勤務。投稿は全て個人の意見です。経済学部／大手SIer出身。コンピュータサイエンス、経済学、投資、コーヒー、ピアノに興味があります。,めっっっちゃくちゃわかる…子供3人私立中高大と行かせて家族で海外旅行に行ってる家庭の人が「うちは普通だよ〜」って言ってるのはほんとに「？？？」となった…,外資勤務投稿は全て個人の意見です経済学部大手出身コンピュータサイエンス経済学投資コーヒーピアノに興味があります,めっっっちゃくちゃわかる子供人私立中高大と行かせて家族で海外旅行に行ってる家庭の人がうちは普通だよって言ってるのはほんとにとなった
276,xqoiyz6,"旅行とかカフェが好きーーーー
海外で複数とかすごかった
乱暴にされるの好き☆",旅行にいきたーい,旅行とかカフェが好きーーーー海外で複数とかすごかった乱暴にされるの好き,旅行にいきたーい
277,7rahageshi,CRTS/TUA/元NMC Guitar/エレクトーン歴23年目/鍵盤ハーモニカ/手芸/ホットヨガ/お笑い鑑賞/アコーディオン始めました,箱根にGOTOしております。久しぶりの旅行嬉しい。富士屋ホテル楽しみだな。,元エレクトーン歴年目鍵盤ハーモニカ手芸ホットヨガお笑い鑑賞アコーディオン始めました,箱根にしております久しぶりの旅行嬉しい富士屋ホテル楽しみだな
278,XRma5,"おまえ うまそうだな。
 毎週土曜日21時からは【語ラボ】を @onikAFV   とcasにて放送！見に来てね！","今日の語ラボは、夜21時から！

気になっている相方のデート旅行について問い詰めます！",おまえうまそうだな毎週土曜日時からは語ラボをとにて放送見に来てね,今日の語ラボは夜時から気になっている相方のデート旅行について問い詰めます
279,P0nZf2,ダーツにハマってる社会人です。車いじりが好きでちょっと部品変えてみたりしてます。ロードにもたまに乗ってて、GIANT CONTEND2（ブラック）入門モデルのロードバイクに乗ってます。他にはアニコスかな。最近はしてないけど。,"昨日は旅行から帰宅❗️
で、今からラッセンの原画展見に行ってきまーーす❗️🐬",ダーツにハマってる社会人です車いじりが好きでちょっと部品変えてみたりしてますロードにもたまに乗っててブラック入門モデルのロードバイクに乗ってます他にはアニコスかな最近はしてないけど,昨日は旅行から帰宅で今からラッセンの原画展見に行ってきまーーす
280,METAL93083143,"あつ森専用アカウント。

どうぶつの森はあつ森が初めて。
試しにやってみたら激ハマり！
時間操作はせずに、気楽にプレイしています。

島の名前：コンツェル島
夢番地：DA-4860-2801-3543

本垢
@matsuken2014",貰えると嬉しいのは、マイル旅行券・金鉱石・魚のまき餌ですが、手ぶらでも大丈夫です。,あつ森専用アカウントどうぶつの森はあつ森が初めて試しにやってみたら激ハマり時間操作はせずに気楽にプレイしています島の名前コンツェル島夢番地本垢,貰えると嬉しいのはマイル旅行券金鉱石魚のまき餌ですが手ぶらでも大丈夫です
281,kanako_skyara,"もうずっとオフ専。たぬ歌のことしか呟いてない。 マシュマロhttps://t.co/DN4M7VTYWQ
ひぜなんの呪われた関係に気が狂いそう。",旅行に行って美味しいもの食べたいよ〜😭,もうずっとオフ専たぬ歌のことしか呟いてないマシュマロひぜなんの呪われた関係に気が狂いそう,旅行に行って美味しいもの食べたいよ
282,32ki39,👔👁ショウチエ固定不健全ﾌｫﾛｰ非推奨 25↑の大人組推し 必読⇒https://t.co/OTU6S9dXCO,私も今日から機材持って旅行,ショウチエ固不健全フォロー非推奨の大人組推し必読,私も今日から機材持って旅行
283,minesuke2424,模型やってる人 撮り鉄も少々,今日は久々の旅行,模型やってる人撮り鉄も少々,今日は久々の旅行
284,l2li1faw3w695,ぇち自撮りしてます👧見せ合いしたい人ゎ❤️LINE来てね👇💫,"いつになったら海外旅行に行けるんだろ・・・
ここ最近、去年に行ったグアムの写メひたすら見てるｗ

ダイエット～～～？",ぇち自撮りしてます見せ合いしたい人ゎ来てね,いつになったら海外旅行に行けるんだろここ最近去年に行ったグアムの写メひたすら見てるダイエット
285,UmiCawa,オタクに優しい世界をおくれ,"子供の頃家にいるのが好きで出かけるのが嫌いだった上にに親の突発的な思いつきで旅行に連れて行かれるから抗議したら、殴られて無理やり連れて行かれる家だったんですよ。余計嫌いになりましたね。
遠征のおかげで好きになったけど（おたくって偉大）家族旅行って意味ないよね。",オタクに優しい世界をおくれ,子供の頃家にいるのが好きで出かけるのが嫌いだった上にに親の突発的な思いつきで旅行に連れて行かれるから抗議したら殴られて無理やり連れて行かれる家だったんですよ余計嫌いになりましたね遠征のおかげで好きになったけどおたくって偉大家族旅行って意味ないよね
286,mi__si,主に2次元グッズのお取引で使用しておりましたが、現在はあつ森のお取引メインで使用。200517,めっちゃエラーなってるのでマイル旅行券くださった方で弾かれた方はDMいただけますと幸いです（ ;  ; ）,主に次元グッズのお取引で使用しておりましたが現在はあつ森のお取引メインで使用,めっちゃエラーなってるのでマイル旅行券くださった方で弾かれた方はいただけますと幸いです
287,takosannyaki,かるばらキッズっす@_ka1ux ミラティブ@Page07040 #マイクラ民と繋がりたい,旅行2日目突入したけどどーしよ,かるばらキッズっすミラティブマイクラ民と繋がりたい,旅行日目突入したけどどーしよ
288,mossomoso2,メルストハマって早1年半,旅行先のホテルでシャペルルルやってるってwww旅行の意味www,メルストハマって早年半,旅行先のホテルでシャペルルルやってるって旅行の意味
289,bot_kbys,1時間に1度程呟きます。我が校が誇る秀才の名言を後世に残しましょう,一応、シャムの和歌山旅行パーフェクトパックを耐え抜いたぐらいの力はありますよ,時間に度程呟きます我が校が誇る秀才の名言を後世に残しましょう,一応シャムの和歌山旅行パーフェクトパックを耐え抜いたぐらいの力はありますよ
290,hemoyari3,エレクトーン／吹奏楽（打楽器）／野菜ソムリエ／カレーソムリエ／将棋物好き／AKB推し募集中／出没地域：葛西、秋葉原、池袋／某コンカフェ旅商人だったひと,"何もなければ昨日から温泉旅行に行ってたと思うけど今年は無理ですね～(&gt;_&lt;)。。
ということで今日の予定は午後に会社でデスクと倉庫の中の整理整頓してからの分奏練習です。",エレクトーン吹奏楽打楽器野菜ソムリエカレーソムリエ将棋物好き推し募集中出没地域葛西秋葉原池袋某コンカフェ旅商人だったひと,何もなければ昨日から温泉旅行に行ってたと思うけど今年は無理ですねということで今日の予は午後に会社でデスクと倉庫の中の整理整頓してからの分奏練習です
291,shi_808,ふー,"みんなちゃんと水遊びの際は浮き輪持っていって欲しいな。
わたしも石垣の離島で溺れかけたとき以来水辺に行く時はとりあえず旅行バックの中に潜ませてあります",ふー,みんなちゃんと水遊びの際は浮き輪持っていって欲しいなわたしも石垣の離島で溺れかけたとき以来水辺に行く時はとりあえず旅行バックの中に潜ませてあります
292,riririaaann,あつ森専用アカウント🏝🐠🐚,"あつ森交換
求
オーブン付きコンロ　黒
でんしレンジ　黒
水切りラック　黒

譲
マイル旅行券

現物かお触りよろしくお願いします🥺",あつ森専用アカウント,あつ森交換求オーブン付きコンロ黒でんしレンジ黒水切りラック黒譲マイル旅行券現物かお触りよろしくお願いします
293,kanashiminoB,職人みよしが七七七五でつぶやきます お題はDMへ！,"お題「GW」

まだかまだかと
石川旅行
はやる気持ちが
止められず

平成31年4月16日作",職人みよしが七七七五でつぶやきますお題はへ,お題まだかまだかと石川旅行はやる気持ちが止められず平成年月日作
294,sssleep,◇Love◇ 音楽 カフェ 雑貨 古民家 ◇ 子育てに追われる地方住まいの30代。,県内旅行の割引チケットなんてあるんや！ピッタリやん！知事ありがとー。,音楽カフェ雑貨古民家子育てに追われる地方住まいの代,県内旅行の割引チケットなんてあるんやピッタリやん知事ありがとー
295,uta_tane80,Photographer '93 / Yokohama . contact ▷ DM . . . . .琴線にふれる写真がすき #しんやとよーへい #コハラタケルのウラ話,本当なら今頃写真友達と旅行に行ってたのにな〜車でぶんぶんしてたのにな〜くそう,琴線にふれる写真がすきしんやとよーへいコハラタケルのウラ話,本当なら今頃写真友達と旅行に行ってたのにな車でぶんぶんしてたのになくそう
296,hiroyanWarld77,社会の中での常識や普通という枠組みに囚われていることに疑問を感じ自由で幸せなライフスタイルを目指したいと考え、現在は会社員として勤務しながら仕組みからの権利収入を構築する方法をシェアするコンサルタントをしていて、一緒に活動する方を求めて人材採用をしています😁  夢は好きな時に「異世界🌎な景色を見に行こう」です‼️,"私達には出来ることと、
出来ないことがある。
嫌だけど選択しなければならない。

　♯副業
　♯在宅ワーク
　♯自由
　♯旅行
　♯ライフスタイル",社会の中での常識や普通という枠組みに囚われていることに疑問を感じ自由で幸せなライフスタイルを目指したいと考え現在は会社員として勤務しながら仕組みからの権利収入を構築する方法をシェアするコンサルタントをしていて一緒に活動する方を求めて人材採用をしています夢は好きな時に異世界な景色を見に行こうです,私達には出来ることと出来ないことがある嫌だけど選択しなければならない♯副業♯在宅ワーク♯自由♯旅行♯ライフスタイル
297,nonchan_reload,雑多垢 // いなり卓でオンセでTRPGやってます。皆もクトゥルフとインセインやろ！企画するよ！ // d!￥550入国済、☆ // 語れる人...友達なろ... // ヘッダーアイコン頂き物です,"だから早く収束させる為に家から最低限出ないのが1番ですね、皆で自粛しましょうねって言ってんのに国が旅行推奨するんだもん終わってる
いやそりゃ観光業が大変なのは分かるしその辺のバランス大変なんだろうなとは思うけどそここそ手当出すべきでは
マスク送るよりよっぽどいるでしょ、とは思うけど",雑多垢いなり卓でオンセでやってます皆もクトゥルフとインセインやろ企画するよ¥入国済語れる人友達なろヘッダーアイコン頂き物です,だから早く収束させる為に家から最低限出ないのが番ですね皆で自粛しましょうねって言ってんのに国が旅行推奨するんだもん終わってるいやそりゃ観光業が大変なのは分かるしその辺のバランス大変なんだろうなとは思うけどそここそ手当出すべきではマスク送るよりよっぽどいるでしょとは思うけど
298,mr_takechanman,スイーツをこよなく愛する建設マン。1級建築施工管理技士、2級土木施工管理技士,"高校生の頃、学年の旅行があってバスの中でカラオケすることになったんだけど。
その頃はアイドルとかあんまし興味が無くて歌うものがなくて。
親父が良く歌っていた「くちなしの花」を選択。バスガイドさんに強烈な印象を与えた思い出が💦
渡哲也さん、ご冥福をお祈り致します。",スイーツをこよなく愛する建設マン級建築施工管理技士級土木施工管理技士,高校生の頃学年の旅行があってバスの中でカラオケすることになったんだけどその頃はアイドルとかあんまし興味が無くて歌うものがなくて親父が良く歌っていたくちなしの花を選択バスガイドさんに強烈な印象を与えた思い出が渡哲也さんご冥福をお祈り致します
299,KGkichan_280429,野球/高校野球観戦(神奈川メイン)/ぼな民/MKW/G党 リムはブロ解で にわかのノート→https://t.co/xgwtGuyqhD… 質問箱https://t.co/YHXBoSbWFO?amp=1下は需要ないブログもどき うるさいの無理な人はフォロー非推奨,今日旅行中に自分の住んでるところで大地震起きて帰れなくなる夢見てまじで朝びびった(どうでもいい),野球高校野球観戦神奈川メインぼな民党リムはブロ解でにわかのノート質問箱下は需要ないブログもどきうるさいの無理な人はフォロー非推奨,今日旅行中に自分の住んでるところで大地震起きて帰れなくなる夢見てまじで朝びびったどうでもいい
300,TatsunoMalm_bot,恐竜キングDキッズアドベンチャーの竜野マルムbotです。自動で劇中の台詞と時報をツイートします試運転中フォロバは手動,私とリュウタは海外旅行初めてだし,恐竜キングキッズアドベンチャーの竜野マルムです自動で劇中の台詞と時報をツイートします試運転中フォロバは手動,私とリュウタは海外旅行初めてだし
301,rymPS,すべての趣味をひとつにまとめました。 ★山田涼介くん(Hey! Say! JUMP)★KENNくん★ブラック・クローバー★恩田陸★村上春樹(羊男推し)★有栖川有栖★旅は好き★美味しいもののために生きてる★オペレッタ好きなソプラノでリリコ・スピントですレハールはいいぞ★前世はギリシャ人(行方不明のお兄ちゃんどこ),"あー飛行機乗りたい_(:3 」∠)_
いつでも乗れると思ってたら、そんなこと全然なかったな...
こんなことなら去年のうちに無理矢理ウラジオストク行っとけばよかった。
最近ロシアヲタクになった息子が僕もロシア行きたい！！って行&amp;言ってて、次の家族旅行ウラジオストクって言ってるけど、いつ...",すべての趣味をひとつにまとめました山田涼介くんくんブラッククローバー恩田陸村上春樹羊男推し有栖川有栖旅は好き美味しいもののために生きてるオペレッタ好きなソプラノでリリコスピントですレハールはいいぞ前世はギリシャ人行方不明のお兄ちゃんどこ,あー飛行機乗りたいいつでも乗れると思ってたらそんなこと全然なかったなこんなことなら去年のうちに無理矢理ウラジオストク行っとけばよかった最近ロシアヲタクになった息子が僕もロシア行きたいって行言ってて次の家族旅行ウラジオストクって言ってるけどいつ
302,Yadon_Half,元々なゔぃ,クラスメイトと温泉旅行行ってくる😃,元々なゔぃ,クラスメイトと温泉旅行行ってくる
303,hamu_hina2,"🍓👑の💛くん推しです！ペアだと💛💙推しです。たま〜にイラストあげたりあげなかったり…
うるさいです！めちゃくちゃうるさいです！！(🍓👑に関係ないことすごく言います。苦手な人はすみません…)
あ、これぜひ使ってください！#おいはむ聞けよおら
私の天使様であり彼女→@kiakiya__5306",旅行行きたいよーーー！！,のくん推しですペアだと推しですたまにイラストあげたりあげなかったりうるさいですめちゃくちゃうるさいですに関係ないことすごく言います苦手な人はすみませんあこれぜひ使ってくださいおいはむ聞けよおら私の天使様であり彼女,旅行行きたいよーーー
304,Miya114,"20/08/04更新

今日からはまた病院中心の生活に","実家に帰ってきて海沿いの家なんだけど暑い(笑)

戸田（というか関東）行く予定を考えてるけど、先程見た糸魚川のトワイも見てみたい気がする・・

18きっぷか東日本パスどちらかで旅行したいな～",更新今日からはまた病院中心の生活に,実家に帰ってきて海沿いの家なんだけど暑い笑戸田というか関東行く予を考えてるけど先程見た糸魚川のトワイも見てみたい気がするきっぷか東日本パスどちらかで旅行したいな
305,1777_kaki,"響け！ユーフォニアム。求×奏の合同誌２に参加します
NL・BL・百合・なんでも好き　求奏　秀久美
Pixiv　https://t.co/XjkWlwMjiB
落描き大喜利まとめ　https://t.co/lDBpUYnVKv
🔞　https://t.co/8q2Zf7Fy5C",温泉旅行に行きたい…,響けユーフォニアム求×奏の合同誌に参加します百合なんでも好き求奏秀久美落描き大喜利まとめ,温泉旅行に行きたい
306,kaepyooon12,あつ森取引き用アカウント🎀スローライフ満喫中🐠🐟家具、美術品、化石コンプリート済👑,"あつ森　DIYレシピ　交換

求
ほしのかけら5個or旅行券1枚
⭐︎印のものは旅行券3枚orかけら15個

譲
もくせいのくずかご
もくせいのすがたみ
コスモスのシャワー
アイアンウッドDIYテーブル
アイアンウッドワゴン
かいがらのアーチ⭐︎
まき
よくあるにわいし
ココナッツジュース

→ リプに続く",あつ森取引き用アカウントスローライフ満喫中家具美術品化石コンプリート済,あつ森レシピ交換求ほしのかけら個旅行券枚印のものは旅行券枚かけら個譲もくせいのくずかごもくせいのすがたみコスモスのシャワーアイアンウッドテーブルアイアンウッドワゴンかいがらのアーチまきよくあるにわいしココナッツジュースリプに続く
307,gro_gene,"視覚障害5級パーキンソン症候群パチンカス28歳道民
アニメツイ下ネタメインネタバレウェルカム
アイコンは彩音さん(@ayaneaya718)
ヘッダーはももまるさん(@momoyashamaru)
固定ツイ表紙絵は三森さん(@mimori_nekoba)
誰かに傾福さんのエロ、ノーマルイラスト依頼したい",少女終末旅行ってもしも男女終末旅行だったらどうなってたんやろな,視覚障害級パーキンソン症候群パチンカス歳道民アニメツイ下ネタメインネタバレウェルカムアイコンは彩音さんヘッダーはももまるさん固ツイ表紙絵は三森さん誰かに傾福さんのエロノーマルイラスト依頼したい,少女終末旅行ってもしも男女終末旅行だったらどうなってたんやろな
308,PvPkaitesta,2019年11月21日〜 どうも ゲーム実況者のカイテスタです。気軽に絡んでいただけると嬉しいです😃 登録者1万人目指して尽力中,旅行先でスト5やる方法ねぇかなぁ,年月日どうもゲーム実況者のカイテスタです気軽に絡んでいただけると嬉しいです登録者万人目指して尽力中,旅行先でストやる方法ねぇかなぁ
309,kimu_is_a_Gori,我が名はキム兄！地元(田舎)随一(自称)のオタクにして、漫画、アニメ、ゲームといったサブカルチャーをこよなく愛する、北の大地に生まれし者！ 割と幅広いジャンルを見たり遊んだりしてる社会人オタクです。 よくゴリラ扱いされます。,"コロナが世界規模で流行ってなかったら、本来なら昨日の昼頃にルンルン気分で札幌入りして、すすきので前夜祭をし、今朝友人と合流して飛行機で羽田に向かい、今頃にはJRに乗って念願の大洗町に向かっていたんだろうな_(:3 」∠)_
そんな現在、友人と旅行延期の残念会をする為に札幌へ移動中",我が名はキム兄地元田舎随一自称のオタクにして漫画アニメゲームといったサブカルチャーをこよなく愛する北の大地に生まれし者割と幅広いジャンルを見たり遊んだりしてる社会人オタクですよくゴリラ扱いされます,コロナが世界規模で流行ってなかったら本来なら昨日の昼頃にルンルン気分で札幌入りしてすすきので前夜祭をし今朝友人と合流して飛行機で羽田に向かい今頃にはに乗って念願の大洗町に向かっていたんだろうなそんな現在友人と旅行延期の残念会をする為に札幌へ移動中
310,ILTx2,valorant / apex 日常マシマシ,この旅行で彼女つくろうと心に誓った,日常マシマシ,この旅行で彼女つくろうと心に誓った
311,houmu_kokekokko,固ツイを見れば私がどんなやつかわかります多分。知らんけど。アイコン☞@Yakanhikou_12神絵師様✨ヘッダー☞＠ararayuukiかわいい、推せる✨フォロバは気まぐれ https://t.co/YTHXaX3uSX ←質問はこちらへ📦DMは返すかわかりません🙇‍♂️,"親友と海外行きたいねって話して以降ずっと海外が頭の中にいる
旅行したいょぉぉぉぉぉ",固ツイを見れば私がどんなやつかわかります多分知らんけどアイコン神絵師様ヘッダーかわいい推せるフォロバは気まぐれ質問はこちらへは返すかわかりません,親友と海外行きたいねって話して以降ずっと海外が頭の中にいる旅行したいょぉぉぉぉぉ
312,G4E0l,icon @pohu_anmt/ 朔夜ちゃんとペア画！,"高校受かりたーい！！！！京都旅行したーい！！！刀剣4社巡りしたーい！！！いなこんの聖地巡礼したーい！！！！
勉強のモチベゴミーーー！！！！！！",朔夜ちゃんとペア画,高校受かりたーい京都旅行したーい刀剣社巡りしたーいいなこんの聖地巡礼したーい勉強のモチベゴミーーー
313,wahhahha396,そのへんの教育大生。考えを自由に発信するために作ったアカウント。専攻は国語です。RT、いいねは多め。 フリーランス、ビジネスに興味はないです。 ビジネス垢は即ブロック。,教員だけじゃない。今このコロナ禍の中、飲食業に従事されてる方や旅行関連の方もそう。みんな死にそうなんですよ。アニメ業界もブラックの代表ですよね。働きに適切なお金を払うことが当たり前になってほしい。,そのへんの教育大生考えを自由に発信するために作ったアカウント専攻は国語ですいいねは多めフリーランスビジネスに興味はないですビジネス垢は即ブロック,教員だけじゃない今このコロナ禍の中飲食業に従事されてる方や旅行関連の方もそうみんな死にそうなんですよアニメ業界もブラックの代表ですよね働きに適切なお金を払うことが当たり前になってほしい
314,sakechee_game,"さけちーです（とうがらし味です）
FF14とFPSをやります
あといろんなこともたまに言う
Youtube: https://t.co/oxBBbOC2lR
Twitch: https://t.co/JMit5EPBRK","深夜エペからの起床(am9:30)
2kmウォーキングして汗いっぱいで 気持ち悪いから
シャワーしてすっきりん🤩✨🚿

で… 年１恒例 玄関の靴箱のミラー前で 
全裸で全身チェック大会開始❣
うん だらしない体 変化なし😜💗 よしっ

このまま ff14と旅行の動画編集 続けて頑張るぞ👍✨",さけちーですとうがらし味ですとをやりますあといろんなこともたまに言う,深夜エペからの起床ウォーキングして汗いっぱいで気持ち悪いからシャワーしてすっきりんで年恒例玄関の靴箱のミラー前で全裸で全身チェック大会開始うんだらしない体変化なしよしっこのままと旅行の動画編集続けて頑張るぞ
315,chocoball1215,東京,旅行行きたい,東京,旅行行きたい
316,000ooo000_0,"162.55.H11 🏄‍♂️ (🇮🇩×🇨🇳×🇯🇵) 
 skills:運動Lv.3 音楽Lv.50 好き嫌いLv.Max /特性: 1:1だと人見知りしない,無意識に人を傷つける /好きなもの:うめぼし,ガチムチ /生きがい: 海外旅行",旅行最終日で盛大におなかがえくすぷろーじょん,××運動音楽好き嫌い特性だと人見知りしない無意識に人を傷つける好きなものうめぼしガチムチ生きがい海外旅行,旅行最終日で盛大におなかがえくすぷろーじょん
317,SdXX05,即対応🚀【#⃝実績1108件】【実績：https://t.co/9BzPKYOdtb】🌸支払い方法💰メルカリ（＋手数料10%）ラクマ・PayPay送金・Amazonギフト券【#⃝即日取引可能】サブ垢多数あり【@9u1ck_】【@SpeedXX05】【@w_k___a_】,"2020/8/15/10:30

【あつ森販売】
・DIYレシピ一式（季節・マーメイドなど）
・マイル旅行券
・金鉱石
・フーコ星座家具
・ほしのかけらセット
など色々お取り扱い中💫

✅金額・取引の流れ等は固定ツイートに記載
✅購入希望の方はDMまで😊",即対応⃝実績件実績支払い方法メルカリ手数料ラクマ送金ギフト券⃝即日取引可能サブ垢多数あり,あつ森販売レシピ一式季節マーメイドなどマイル旅行券金鉱石フーコ星座家具ほしのかけらセットなど色々お取り扱い中金額取引の流れ等は固ツイートに記載購入希望の方はまで
318,fenecc_mendo,アライさんやフレンズの頼み事を断れないのさ〜 そしたらなんか何もかもめんどくさくなってしまったよ よろしくね〜,どこか旅行行きたいよ〜,アライさんやフレンズの頼み事を断れないのさそしたらなんか何もかもめんどくさくなってしまったよよろしくね,どこか旅行行きたいよ
319,58_cohane,"推し様▶︎▶︎▶︎＠uni_mafumafu

君という存在が、私の生きる理由。",じゃあ旅行、行ってきますね。,推し様君という存在が私の生きる理由,じゃあ旅行行ってきますね
320,Rider7729,筑波 mast14 slis18 LSPC 実委 やどかり ヘングレ 情報学 音楽情報科学 音楽心理学 ゴーストふぁぼ,夏旅行終えて 洗濯かご重し (575),筑波実委やどかりヘングレ情報学音楽情報科学音楽心理学ゴーストふぁぼ,夏旅行終えて洗濯かご重し
321,mohumohupp,"基本見る・検索垢専用。
DMお返事暫くしません。　　　　　　　　　　　　　　　　　　　　　　　
ディズニー好きさん、デブ専さん、かまって欲しいな。　　　　　　　　　　　　　　
質問はこちらへhttps://t.co/zIUhdfBdWG","あたおかなので脳内が
可愛いもののお話+えっちなこと+ドラマの話でいっぱい。

コロナ落ち着いたらディズニーもピューロも行きたいし、この垢で誰かとお会いしたいし、旅行もしたいなぁ。",基本見る検索垢専用お返事暫くしませんディズニー好きさんデブ専さんかまって欲しいな質問はこちらへ,あたおかなので脳内が可愛いもののお話えっちなことドラマの話でいっぱいコロナ落ち着いたらディズニーもピューロも行きたいしこの垢で誰かとお会いしたいし旅行もしたいなぁ
322,rJoWRYVBCacPV1K,あつ森取引専用アカウント 季節の家具、素材集めに勤しんでおります！ レシピ代行もやってます♪ご依頼ありましたら気軽にDMしてください。無言フォロー失礼します,"1品につき

材料ご持参の場合　マイル旅行券1枚
材料当方負担の場合　マイル旅行券2枚",あつ森取引専用アカウント季節の家具素材集めに勤しんでおりますレシピ代行もやってますご依頼ありましたら気軽にしてください無言フォロー失礼します,品につき材料ご持参の場合マイル旅行券枚材料当方負担の場合マイル旅行券枚
323,mishaazv,✳︎LOVE✳︎ 美容／健康／料理／YOGA／PILATES／TRX ／イエベと信じて生きてきたけど黄味肌ブルベ疑惑／,"毎日夢見るんだけど、今日は1人で韓国に旅行しに行って、グクと出会う夢だった。最高。
目覚めて目を開けたらこれまた綺麗な顔が目の前にいた。幸せ。",美容健康料理イエベと信じて生きてきたけど黄味肌ブルベ疑惑,毎日夢見るんだけど今日は人で韓国に旅行しに行ってグクと出会う夢だった最高目覚めて目を開けたらこれまた綺麗な顔が目の前にいた幸せ
324,atumori4194,あつまれどうぶつの森好き/育児の合間にポチポチ(基本夜中)/カブ売買/RMTしません/あつ森通してたくさんの出会いに感謝/ウリとメープル推し,"わ、思いっきり垢間違えてる 
病み病み母ちゃん見せちゃった(ﾉ≧ڡ≦)☆

ついでに言うと7時半には泣いて起きられてもう今撃沈中なので
誰かベビーシッターに来てください←

マイル旅行券20枚でどうでしょ？",あつまれどうぶつの森好き育児の合間にポチポチ基本夜中カブ売買しませんあつ森通してたくさんの出会いに感謝ウリとメープル推し,わ思いっきり垢間違えてる病み病み母ちゃん見せちゃったノڡついでに言うと時半には泣いて起きられてもう今撃沈中なので誰かベビーシッターに来てくださいマイル旅行券枚でどうでしょ
325,R_atumori_R,あつ森用アカウント🥳狼キャラが好きです🐺♡,"☆譲☆
･家具は1シリーズ全ておさわりにつき、マイル旅行券1枚
･灯台→旅行券4枚
･電話ボックス、公園の時計→旅行券2枚
･自販機→旅行券1枚＋真珠2個

※どれもお気持ち程度ですが何かおまけつけさせていただきます🙇‍♀️
交換していただける方DMよろしくお願いします😭",あつ森用アカウント狼キャラが好きです,譲家具はシリーズ全ておさわりにつきマイル旅行券枚灯台旅行券枚電話ボックス公園の時計旅行券枚自販機旅行券枚真珠個どれもお気持ち程度ですが何かおまけつけさせていただきます交換していただける方よろしくお願いします
326,moteri_na,"I never worry about action, but only inaction. The more we do, the more we can do. #エステ #スキンケア #ダイエット #英語 #恋愛 #就職 #転職 #副業",シニア層を中心に英会話教室で英会話を学ぶ人が増えています。英語ができるようになれば、海外旅行における行動も広がりますし、人生を楽しむことが可能です。,エステスキンケアダイエット英語恋愛就職転職副業,シニア層を中心に英会話教室で英会話を学ぶ人が増えています英語ができるようになれば海外旅行における行動も広がりますし人生を楽しむことが可能です
327,ZEROxlucifer,とっくに成人 うたプリ☆翔担兼藍担の事務所箱推し。ナギくん瑛二くんのエンジェル/刀らぶ#愛する初期刀はまんばちゃん。鶴丸と鳴狐は性癖どストライク。刀さにみかつる,これみんなで旅行行った時にレンタカー運転するわ！！とかよー言えんで…,とっくに成人うたプリ翔担兼藍担の事務所箱推しナギくん瑛二くんのエンジェル刀らぶ愛する初期刀はまんばちゃん鶴丸と鳴狐は性癖どストライク刀さにみかつる,これみんなで旅行行った時にレンタカー運転するわとかよー言えんで
328,mum_loves_you,"12歳、5歳児の母
教育・健康","わかる…。
見学した学校、夏休みの自由研究は大抵海外旅行兼ねて現地で写真撮ってレポートっていうのだったな。",歳歳児の母教育健康,わかる見学した学校夏休みの自由研究は大抵海外旅行兼ねて現地で写真撮ってレポートっていうのだったな
329,tom_yam74,"リアル麻雀好きな年寄りです。
リアル麻雀の同人誌も作っています。
今年は銀河英雄伝説Ⅶの本も再販したいですね","昨日、カメラが壊れたとか言ったが
帰宅して調べてみたらnikon1でリコールがあった機種症状共にそのものだった……
来年には無償交換が終わるって記事も掲載されていたけど
旅行中にぶっ壊れるというのはあまりにもふざけた話とは思う",リアル麻雀好きな年寄りですリアル麻雀の同人誌も作っています今年は銀河英雄伝説の本も再販したいですね,昨日カメラが壊れたとか言ったが帰宅して調べてみたらでリコールがあった機種症状共にそのものだった来年には無償交換が終わるって記事も掲載されていたけど旅行中にぶっ壊れるというのはあまりにもふざけた話とは思う
330,mirouraura,裏の裏組,わたしはねえ、BWがイッシュに新婚旅行できた感じがあってすきなんですよね…,裏の裏組,わたしはねえがイッシュに新婚旅行できた感じがあってすきなんですよね
331,fuj1_s1,たまに絵を描く。舞台とキンプリの話が多め。成人済み。,舞台行ってる人だっているし旅行行ってる人だっているし何でそこまで言われないといけないの？？？,たまに絵を描く舞台とキンプリの話が多め成人済み,舞台行ってる人だっているし旅行行ってる人だっているし何でそこまで言われないといけないの
332,MochitsukiBunny,メインでアバルト 124スパイダー、サブでルノー トゥインゴに乗ってる車バカです 無言フォローしてすみません イタフラ車が特に好きです #アバルト #124スパイダー #ルノー #トゥインゴ,お盆なのに自粛ムードで旅行に行けない人は美容室に行きましょう,メインでアバルトスパイダーサブでルノートゥインゴに乗ってる車バカです無言フォローしてすみませんイタフラ車が特に好きですアバルトスパイダールノートゥインゴ,お盆なのに自粛ムードで旅行に行けない人は美容室に行きましょう
333,H2CO123,English ok/デフォルメイラストレーター【依頼はDM（原則有料です）で】。合同誌の主催をする人。表垢：@H2COoekaki メロンブックス様：https://t.co/sK4gVIdn7e…,旅行組みたいけどGoToとの格差に泣くことを毎日繰り返してる,デフォルメイラストレーター依頼は原則有料ですで合同誌の主催をする人表垢メロンブックス様,旅行組みたいけどとの格差に泣くことを毎日繰り返してる
334,mikuoi,"普段の出来事を主につぶやいています。
フォロー返しするので、お願いします。",スーツケースやキャリーバッグに荷物を詰め込むと、いざ旅行へ！というワクワクした気持ちになれるから好きだな～！,普段の出来事を主につぶやいていますフォロー返しするのでお願いします,スーツケースやキャリーバッグに荷物を詰め込むといざ旅行へというワクワクした気持ちになれるから好きだな
335,Bakunamakaibot,幕末ラジオ/生のいろんな回を2時間に1度ツイートする非公式アカウントです。 ※フォローバックはbot機能にて自動で行っておりますが、不要であれば都度お伝えいただけると有り難いです。その場合、手動でフォローを外させていただきます。,"過去に坂本がKANONの登場人物の口癖「うぐぅ」をリアルで多用していたことをサラッと暴露されてしまった回。

西郷「うぐぅうぐぅって毎日言ってましたよね」
坂本「それのエピソード必要ある？」

幕末ラジオ　第四十九回(KANON&amp;黒歴史旅行枠)",幕末ラジオ生のいろんな回を時間に度ツイートする非公式アカウントですフォローバックは機能にて自動で行っておりますが不要であれば都度お伝えいただけると有り難いですその場合手動でフォローを外させていただきます,過去に坂本がの登場人物の口癖うぐぅをリアルで多用していたことをサラッと暴露されてしまった回西郷うぐぅうぐぅって毎日言ってましたよね坂本それのエピソード必要ある幕末ラジオ第四十九回黒歴史旅行枠
336,T_34_85,どらら らんら えっさほいさ どららどら,旅行でムカつくこと一位ことモバイルSuicaのエラー,どらららんらえっさほいさどららどら,旅行でムカつくこと一位ことモバイルのエラー
337,cafep_bot,"Cafe""Party""fanbotです。書き起こしたリストはURLにて。 PL/@aqua0garden",2017年6月に催行された『世界間クルーズ旅行』。二ヶ所の寄港地の思い出をアンケートで集計し、ホスト、参加者とともに振り返る。「ラジオ収録『世界間クルーズ旅行』について」（第4部2017/7/15）,です書き起こしたリストはにて,年月に催行された世界間クルーズ旅行二ヶ所の寄港地の思い出をアンケートで集計しホスト参加者とともに振り返るラジオ収録世界間クルーズ旅行について第部
338,gbfcon,グラブルとｖが好きなオタク グラブル ランク275 つよアレ（33178）ルシソロ土 ｖ 剣持 やしきず,起きたらえびさんが宇宙旅行してた,グラブルとが好きなオタクグラブルランクつよアレルシソロ土剣持やしきず,起きたらえびさんが宇宙旅行してた
339,ko_4625,白猫、ボドゲ。カタン好き。エントリーしたから練習したい。アイコン→ミーミのあくび顔w,"旅行まで1週間切ってるのに😓
4泊5日で2箇所に2泊ずつって話してたはずなのに1泊ずつしか予約されてなかった。まじポンコツだなー😵

宿代調べようと予約サイト見て1部屋ずつしかない部屋なのに1日分しかバツ付いてなかったから変だと思って予約画面見せてもらったらコレ😑",白猫ボドゲカタン好きエントリーしたから練習したいアイコンミーミのあくび顔,旅行まで週間切ってるのに泊日で箇所に泊ずつって話してたはずなのに泊ずつしか予約されてなかったまじポンコツだなー宿代調べようと予約サイト見て部屋ずつしかない部屋なのに日分しかバツ付いてなかったから変だと思って予約画面見せてもらったらコレ
340,aoheki1124,N.M.A POSSE🎨 BlueI's💙ラヴ 好きなことで生きていきたい(願望)nana民やってます 最低最弱な引き立て役 碧のNO.1,10 今絡んで仲良くしてるみんなと旅行してみたいのでいつか誘ってください。プランはよくわからんので一緒に決めよ、俺そういうの弱者だから,ラヴ好きなことで生きていきたい願望民やってます最低最弱な引き立て役碧の,今絡んで仲良くしてるみんなと旅行してみたいのでいつか誘ってくださいプランはよくわからんので一緒に決めよ俺そういうの弱者だから
341,barbiepinkjelly,きまま (ﾉ)´∀｀(ヾ) ~candy jelly love~✧*たま〜にパシャリ。よろしくお願いしますᙏ̤̫͚,"昨日は初1人焼肉達成したからほんまに嬉しい😊
ずっとしてみたかったから。
あとは1人海外旅行やな。、。",きままノヾたまにパシャリよろしくお願いしますᙏ͚,昨日は初人焼肉達成したからほんまに嬉しいずっとしてみたかったからあとは人海外旅行やな
342,mktn0118,"2017年6月生まれの息子がいます🐥第二子妊娠中。女の子かも🎀10月末出産予定です！
無言フォロー失礼します！
気軽に話しかけてください(^o^)よろしくお願いします(o・ω・o)
#2017jun_baby #2020oct_baby","今日も夫と息子二人でお出かけしてくれた〜😭✨
せっかくの夏休みなのに、ほんと申し訳ない😢💨

コロナがなければ、旅行行って旅館でダラダラ過ごすくらいは出来たかもしれないのに〜〜〜😭",年月生まれの息子がいます第二子妊娠中女の子かも月末出産予です無言フォロー失礼します気軽に話しかけてくださいよろしくお願いします,今日も夫と息子二人でお出かけしてくれたせっかくの夏休みなのにほんと申し訳ないコロナがなければ旅行行って旅館でダラダラ過ごすくらいは出来たかもしれないのに
343,sp9611,📝すまほん!!ライター。 写真やガジェット関係のツイートが多め。 📸α7 Ⅲ/α7 RⅢ/Hasselblad 503CX/Phantom 4 Pro V2.0  🎮PS4 Pro/Nintendo Switch 📱iPhone XS Max/Pixel4/12.9 iPad Pro 2020,"旅行はSEL1635ZとSEL24105G
スナップはSEL35F28Z
レビュー写真はSIGMA 70mm F2.8
活用できてないSEL85F18って感じ",すまほんライター写真やガジェット関係のツイートが多めαα,旅行はとスナップはレビュー写真は活用できてないって感じ
344,0815Reon,最近やるゲームが増えてきました 追いつけない、助けて PS4:APEX DBD PSO2(5鯖) スマホアプリ: ログレス モンスト パズドラ FGO 白猫 #コンパス シノアリス COD Switch:スマブラSP ポケモン剣 マリカ8DX Hff TRPG:CoC SW,兄の誕生日は一泊二日の旅行で、私も2万近く出したのに、私の誕生日はおめでとうの一言だけって、これは一体どう言う事なのだろうか🤔,最近やるゲームが増えてきました追いつけない助けて鯖スマホアプリログレスモンストパズドラ白猫コンパスシノアリススマブラポケモン剣マリカ,兄の誕生日は一泊二日の旅行で私も万近く出したのに私の誕生日はおめでとうの一言だけってこれは一体どう言う事なのだろうか
345,fujiyoshi3939,"釣り🎣とドライブ🎶🚗💨🎶が好きな、子育てが終わった50代です👪️。
本業🚌を辞めてネット📲で稼ぎたく、資格もスキルも無いのに
在宅ビジネス🏘️を始めました。","【案件一覧③】
興味ある人いたら案件名伝えて下さいね。

購入代行でお小遣い稼ぎ
Twitter長期サポート
積立型最安値旅行
LINEステップツール
究極のライティング講座

興味ある人はDM下さい☺️",釣りとドライブが好きな子育てが終わった代です本業を辞めてネットで稼ぎたく資格もスキルも無いのに在宅ビジネスを始めました,案件一覧興味ある人いたら案件名伝えて下さいね購入代行でお小遣い稼ぎ長期サポート積立型最安値旅行ステップツール究極のライティング講座興味ある人は下さい
346,_0_0_32,全部嘘です,こんなところに行ってみたくありませんか？少し踏み出せば月一で旅行に行けます,全部嘘です,こんなところに行ってみたくありませんか少し踏み出せば月一で旅行に行けます
347,_kty39,寝たり食べたりしてます。김태연 やなぎなぎさんが好きです。アイコンは煌ちゃんから。,正直、いま沖縄行っても歓迎ムード全然無いと思うし冷たい目で見られると思うので旅行行っても正直楽しくないと思うぞ,寝たり食べたりしてます김태연やなぎなぎさんが好きですアイコンは煌ちゃんから,正直いま沖縄行っても歓迎ムード全然無いと思うし冷たい目で見られると思うので旅行行っても正直楽しくないと思うぞ
348,mXNCR3joKpovujM,とにかくフォロワーがほしいです☆😇💚💚みなさんどんどん絡んでください（＾ω＾）アニメ大好きです！！🤗フォロバ100%無言フォローごめんですよー！！カレンのツイート、リツイートしてくれると喜びます😊❤️💚通知オフにしてるので返信遅れるでーす☆勉強と遊びの両立が今年の目標！！,旅行したいでーす（＾ω＾）,とにかくフォロワーがほしいですみなさんどんどん絡んでくださいアニメ大好きですフォロバ無言フォローごめんですよーカレンのツイートリツイートしてくれると喜びます通知オフにしてるので返信遅れるでーす勉強と遊びの両立が今年の目標,旅行したいでーす
349,huran_shu,"@onago7のスプラッター映画メインのアカウントだと思います。



サントラ狂者



最推しジェイソン⛺🔪




妄想とかもやると思う。腐ってるし。





フォローブロック御自由に。無言フォロー失礼します。",いつかで良いから、アメリカ旅行して聖地巡礼したい。金相当掛かるけどね,のスプラッター映画メインのアカウントだと思いますサントラ狂者最推しジェイソン妄想とかもやると思う腐ってるしフォローブロック御自由に無言フォロー失礼します,いつかで良いからアメリカ旅行して聖地巡礼したい金相当掛かるけどね
350,e__teru,そんなものは存在しません,こんなにファッキンクレイジー暑いのに旅行してる人々すごいな。死なないようにね。,そんなものは存在しません,こんなにファッキンクレイジー暑いのに旅行してる人々すごいな死なないようにね
351,knbfgchn,ポケモンとカラオケが好きです。フリーで気楽に楽しんでいます。Sound Horizon、ヒプノシスマイク、歌い手にもハマっています。カラオケ友達募集中です。よろしくお願いします。,リア友とayako先生が件の旅行以前から相互になっているという事実,ポケモンとカラオケが好きですフリーで気楽に楽しんでいますヒプノシスマイク歌い手にもハマっていますカラオケ友達募集中ですよろしくお願いします,リア友と先生が件の旅行以前から相互になっているという事実
352,Ey9orVdwq5r30Ds,適当に思ったことつぶやく垢,"プチ旅行色々あったけど楽しかった！
彼女も楽しかったって言ってくれたし満足や🙆‍♂️",適当に思ったことつぶやく垢,プチ旅行色々あったけど楽しかった彼女も楽しかったって言ってくれたし満足や
353,natsumi609,ここは無人島 おやつにゲームのBGMを出すと喜びます  生放送垢→ @natsubroadcast   アイコン@gokuu0226,悪魔の箱と最後の時間旅行のナゾは確かに全体的に難しい,ここは無人島おやつにゲームのを出すと喜びます生放送垢アイコン,悪魔の箱と最後の時間旅行のナゾは確かに全体的に難しい
354,eaglesousaku,"瑞川が主だけど雑食。創作提督×艦娘有。艦娘オルタ化、エロネタも言うのでご注意を。空リプ、突然物語も多し。カルデアのマスターもやってます（篝火）
プライベッター：https://t.co/toZxub3GTS",あぁ、旅行いきたひ……,瑞川が主だけど雑食創作提督×艦娘有艦娘オルタ化エロネタも言うのでご注意を空リプ突然物語も多しカルデアのマスターもやってます篝火プライベッター,あぁ旅行いきたひ
355,hajimekounin,城ドラやってまーす Mrs. GREEN APPLE好きです 人生を合成に捧げた人 暇なツイートしかしません サブ垢＠hajimesabupo,今回の旅行写真に合成させてゆと旅行記作ろっかな？ww,城ドラやってまーす好きです人生を合成に捧げた人暇なツイートしかしませんサブ垢,今回の旅行写真に合成させてゆと旅行記作ろっかな
356,mrm_street,"主にタンクトップ小隊🎽についてつぶやくアカ。
たまーに見よう見まねでお絵かきする事があります。（お絵かきど初心者）

無言フォロー、いいねさせて頂くことがよくあります…🙇

※20以上",修学旅行参加させて頂いてありがとうございました🥺！！毎度のことながらほんっとに楽しかったです😍😍😍いつかほんとに旅行とかオフ会したい😌…♡,主にタンクトップ小隊についてつぶやくアカたまーに見よう見まねでお絵かきする事がありますお絵かきど初心者無言フォローいいねさせて頂くことがよくあります以上,修学旅行参加させて頂いてありがとうございました毎度のことながらほんっとに楽しかったですいつかほんとに旅行とかオフ会したい
357,hatihatikatuman,"ぽっちゃり好きの裏アカ。
何度も何度も辞めては復活の繰り返し。
鉄道好きで、線路があるとどこまでも。
ドラゴンズすき。静岡県住み。","タップして見てください。

っていう素晴らしい風景をたくさんリツイートしてしまいました。

旅行に行けないからねぇ。。。",ぽっちゃり好きの裏アカ何度も何度も辞めては復活の繰り返し鉄道好きで線路があるとどこまでもドラゴンズすき静岡県住み,タップして見てくださいっていう素晴らしい風景をたくさんリツイートしてしまいました旅行に行けないからねぇ
358,okamiffy1,Twitter🔰／人生折り返し過ぎてから出逢ったDRUM TAOさん💓こちらも🔰／万華響💕／色々呟く予定／無言フォロー失礼致します🙇,"アイスと私の青春の記憶(笑)
今でもアイス好き❤️
社員旅行で
行く先々でソフトクリームを食べて皆様から呆れられるタイプ😆
だって
それぞれ味が違うのよ⁉️(笑)",人生折り返し過ぎてから出逢ったさんこちらも万華響色々呟く予無言フォロー失礼致します,アイスと私の青春の記憶笑今でもアイス好き社員旅行で行く先々でソフトクリームを食べて皆様から呆れられるタイプだってそれぞれ味が違うのよ笑
359,aosora_04,専業主婦になった。でもお出かけは止められない。止まらない。,旅行行きたい。(^o^)日本中を旅してみたいのです。,専業主婦になったでもお出かけは止められない止まらない,旅行行きたい日本中を旅してみたいのです
360,jubi19no,B'z/ジュビロ/競馬/その他いろいろ呟きます。,"久しぶりに娯楽の為に外出。

買い物と会社以外で外出するの２月に旅行行って以来だわ。",ジュビロ競馬その他いろいろ呟きます,久しぶりに娯楽の為に外出買い物と会社以外で外出するの月に旅行行って以来だわ
361,nagatolove7,護衛艦くらまとファントムおじいちゃんと神話が大好きな変態。不定期に #ファントムおじいちゃん無頼 四コママンガも描いています。イラストは個人使用でしたらご自由にどうぞ。その他の場合は一度nagatobig1919✈️https://t.co/N8GNSmAmm4(✈️を@に変えてください。)までご連絡ください。,赤城ママ現地指導シリーズはミリタリー的な旅行なので参考になるし面白くて好きです。,護衛艦くらまとファントムおじいちゃんと神話が大好きな変態不期にファントムおじいちゃん無頼四コママンガも描いていますイラストは個人使用でしたらご自由にどうぞその他の場合は一度をに変えてくださいまでご連絡ください,赤城ママ現地指導シリーズはミリタリー的な旅行なので参考になるし面白くて好きです
